name,province,department,ubi12,mEE_DR_13_1980_pcSupM_adj,totalevents
Trinidad,Contumaza,Cajamarca,0,1,
Chachapoyas,Chachapoyas,Amazonas,10101,0.17586587,0
Asuncion,Chachapoyas,Amazonas,10102,0,0
Balsas,Chachapoyas,Amazonas,10103,0.018117059,0
Cheto,Chachapoyas,Amazonas,10104,0,0
Chiliquin,Chachapoyas,Amazonas,10105,0.000185088,0
Chuquibamba,Chachapoyas,Amazonas,10106,0,0
Granada,Chachapoyas,Amazonas,10107,0,0
Huancas,Chachapoyas,Amazonas,10108,0,0
La Jalca,Chachapoyas,Amazonas,10109,0,0
Leimebamba,Chachapoyas,Amazonas,10110,0,0
Levanto,Chachapoyas,Amazonas,10111,0.30622181,0
Magdalena,Chachapoyas,Amazonas,10112,0.080215916,0
Mariscal Castilla,Chachapoyas,Amazonas,10113,0,0
Molinopampa,Chachapoyas,Amazonas,10114,0,0
Montevideo,Chachapoyas,Amazonas,10115,0,0
Olleros,Chachapoyas,Amazonas,10116,0,0
Quinjalca,Chachapoyas,Amazonas,10117,0,0
San Francisco de Daguas,Chachapoyas,Amazonas,10118,0.041383907,0
San Isidro de Maino,Chachapoyas,Amazonas,10119,0.009062999,0
Soloco,Chachapoyas,Amazonas,10120,0,0
Sonche,Chachapoyas,Amazonas,10121,0.15770586,0
Aramanco,Bagua,Amazonas,10202,0,0
Copallin,Bagua,Amazonas,10203,0,0
El Parco,Bagua,Amazonas,10204,0.054676194,2
La Peca Bagua,Bagua,Amazonas,10206,0.054676194,2
Jumbilla,Bongara,Amazonas,10301,0,1
Chisquilla,Bongara,Amazonas,10302,0,0
Churuja,Bongara,Amazonas,10303,0,0
Corosha,Bongara,Amazonas,10304,0,0
Cuispes,Bongara,Amazonas,10305,0.003485789,0
Florida,Bongara,Amazonas,10306,0,0
Recta,Bongara,Amazonas,10308,0,0
San Carlos,Bongara,Amazonas,10309,0.003485789,0
Shipasbamba,Bongara,Amazonas,10310,0.003485789,0
Valera,Bongara,Amazonas,10311,0,0
Yambrasbamba,Bongara,Amazonas,10312,0.007749027,1
El Cenepa,Bagua,Amazonas,10402,0.007749027,1
Lamud,Luya,Amazonas,10501,0.034027614,0
Camporredondo,Luya,Amazonas,10502,0,1
Cocabamba,Luya,Amazonas,10503,0.03373732,0
Colcamar,Luya,Amazonas,10504,0.25685227,0
Conila,Luya,Amazonas,10505,0,0
Inguilpata,Luya,Amazonas,10506,0.12743165,0
Longuita,Luya,Amazonas,10507,0.029294547,0
Lonya Chico,Luya,Amazonas,10508,0,0
Luya,Luya,Amazonas,10509,0.14675066,1
Luya Viejo,Luya,Amazonas,10510,0,0
Maria,Luya,Amazonas,10511,0.001776246,0
Ocalli,Luya,Amazonas,10512,0.12568544,0
Ocumal,Luya,Amazonas,10513,0.13472605,0
Pisuquia,Luya,Amazonas,10514,0.10379738,0
San Cristobal,Luya,Amazonas,10516,0,0
San Francisco del Yeso,Luya,Amazonas,10517,0.000392199,0
San Jeronimo,Luya,Amazonas,10518,0.003485789,0
San Juan de Lopecancha,Luya,Amazonas,10519,0,0
Santa Catalina,Luya,Amazonas,10520,0.047651656,0
Santo Tomas,Luya,Amazonas,10521,0,0
Tingo,Luya,Amazonas,10522,0.013338284,0
Trita,Luya,Amazonas,10523,0,0
San Nicolas,Rodriguez de Mendoza,Amazonas,10601,0.012572504,0
Chirimoto,Rodriguez de Mendoza,Amazonas,10602,0.000915092,0
Cochamal,Rodriguez de Mendoza,Amazonas,10603,0,0
Huambo,Rodriguez de Mendoza,Amazonas,10604,0.050415814,0
Limabamba,Rodriguez de Mendoza,Amazonas,10605,0,0
Longar,Rodriguez de Mendoza,Amazonas,10606,0,0
Mariscal Benavides,Rodriguez de Mendoza,Amazonas,10607,0.000340508,0
Milpuc,Rodriguez de Mendoza,Amazonas,10608,0,0
Omia,Rodriguez de Mendoza,Amazonas,10609,0,3
Santa Rosa,Rodriguez de Mendoza,Amazonas,10610,0,0
Totora,Rodriguez de Mendoza,Amazonas,10611,0,0
Vista Alegre,Rodriguez de Mendoza,Amazonas,10612,0,0
Bagua Grande,Bagua,Amazonas,10701,0.040586293,10
Cajaruro,Bagua,Amazonas,10702,0.000202523,1
Cumba,Bagua,Amazonas,10703,0,0
Jamalca,Bagua,Amazonas,10705,0.014778939,1
Lonya Grande,Bagua,Amazonas,10706,0.38913286,0
Yamon,Bagua,Amazonas,10707,0,1
Huaraz,Huaraz,Ancash,20101,0.66476226,53
Cochabamba,Huaraz,Ancash,20102,0.071485467,0
Colcabamba,Huaraz,Ancash,20103,0.000201051,0
Huanchay,Huaraz,Ancash,20104,0.22424753,2
Jangas,Huaraz,Ancash,20106,0.38619253,1
La Libertad,Huaraz,Ancash,20107,0.051941805,0
Olleros,Huaraz,Ancash,20108,0.29002628,2
Pampas,Huaraz,Ancash,20109,0.000541356,1
Pariacoto,Huaraz,Ancash,20110,0.61931342,0
Pira,Huaraz,Ancash,20111,0.55646819,1
Tarica,Huaraz,Ancash,20112,0.35264298,3
Aija,Aija,Ancash,20201,0.21685576,0
Coris,Aija,Ancash,20202,0.49295372,0
Huacllan,Aija,Ancash,20203,0.61409801,0
La Merced,Aija,Ancash,20204,0.33349365,0
Succha,Aija,Ancash,20205,0.000928363,0
Llamellin,Antonio Raymondi,Ancash,20301,0.008298049,0
Aczo,Antonio Raymondi,Ancash,20302,0.004378041,0
Chaccho,Antonio Raymondi,Ancash,20303,0.000816341,0
Chingas,Antonio Raymondi,Ancash,20304,0.006787426,0
Mirgas,Antonio Raymondi,Ancash,20305,0.38412932,0
Chacas,Huari,Ancash,20401,0.27359465,0
Chiquian,Bolognesi,Ancash,20501,0.18269493,0
Abelardo Pardo Lezameta,Bolognesi,Ancash,20502,0.000610622,4
Antonio Raymondi,Bolognesi,Ancash,20503,8.31E-05,1
Aquia,Bolognesi,Ancash,20504,0.069140568,1
Cajacay,Bolognesi,Ancash,20505,0.043719973,4
Canis,Bolognesi,Ancash,20506,0.000383438,5
Colquioc,Bolognesi,Ancash,20507,0.002248217,0
Huallanca,Huaylas,Ancash,20508,0.8527447,3
Huasta,Bolognesi,Ancash,20509,0.15080616,5
Huayllacayan,Bolognesi,Ancash,20510,0.000193768,0
Mangas,Bolognesi,Ancash,20512,6.64E-05,1
Pacllon,Bolognesi,Ancash,20513,0.004927708,2
San Miguel de Corpanqui,Bolognesi,Ancash,20514,0.000558334,4
Ticllos,Bolognesi,Ancash,20515,0.000210222,4
Carhuaz,Carhuaz,Ancash,20601,0.11427251,1
Acopampa,Carhuaz,Ancash,20602,0.60911494,2
Amashca,Carhuaz,Ancash,20603,0.22061889,0
Anta,Carhuaz,Ancash,20604,0.1582119,0
Ataquero,Carhuaz,Ancash,20605,1,0
Marcara,Carhuaz,Ancash,20606,0.18684775,1
Pariahuanca,Carhuaz,Ancash,20607,0.17866817,0
San Miguel de Aco,Carhuaz,Ancash,20608,0.045294851,0
Shilla,Carhuaz,Ancash,20609,0.08848428,0
Tinco,Carhuaz,Ancash,20610,0.22699715,1
Yungar,Carhuaz,Ancash,20611,0.38619253,1
San Luis,Huari,Ancash,20701,0.55739546,1
Yauya,Mariscal Luzuriaga,Ancash,20703,0.36254779,0
Casma,Casma,Ancash,20801,0.021559695,0
Buena Vista Alta,Casma,Ancash,20802,0.052995767,0
Comandante Noel,Casma,Ancash,20803,0.021320751,0
Yautan,Casma,Ancash,20804,0.062201012,1
Corongo,Corongo,Ancash,20901,0.000197107,0
Aco,Corongo,Ancash,20902,0.000203175,0
Bambas,Corongo,Ancash,20903,0.002674379,0
Cusca,Corongo,Ancash,20904,0.79650289,0
La Pampa,Corongo,Ancash,20905,0.23307125,0
Yanac,Corongo,Ancash,20906,0.001121153,0
Yupan,Corongo,Ancash,20907,8.83E-05,0
Huari,Huari,Ancash,21001,0.1913369,1
Cajay,Huari,Ancash,21003,0.034958277,0
Chavin de Huantar,Huari,Ancash,21004,0.38140529,4
Huacachi,Huari,Ancash,21005,0.057909425,2
Huacchis,Huari,Ancash,21006,0.31508034,3
Huachis,Huari,Ancash,21007,0.58752501,0
Huantar,Huari,Ancash,21008,0.039308649,6
Masin,Huari,Ancash,21009,0.099831522,3
Paucas,Huari,Ancash,21010,0.001700317,2
Ponto,Huari,Ancash,21011,0.020493764,0
Rahuapampa,Huari,Ancash,21012,0.000581729,1
Rapayan,Huari,Ancash,21013,0.005521648,0
San Marcos,Huari,Ancash,21014,0.21403539,6
San Pedro de Chana,Huari,Ancash,21015,0.084593631,0
Uco,Huari,Ancash,21016,0.057909425,2
Huarmey,Casma,Ancash,21101,0.013170191,7
Cochapeti,Aija,Ancash,21102,0.016585432,0
Huayan,Aija,Ancash,21104,0.009725777,0
Malvas,Aija,Ancash,21105,0.31223872,0
Caraz,Huaylas,Ancash,21201,0.18592682,0
Huata,Huaylas,Ancash,21203,0.23651883,0
Huaylas,Huaylas,Ancash,21204,0.11533164,0
Mato,Huaylas,Ancash,21205,0.26673192,0
Pamparomas,Huaylas,Ancash,21206,0.39570123,0
Pueblo Libre,Huaylas,Ancash,21207,0.21178523,0
Santa Cruz,Huaylas,Ancash,21208,0.73134542,0
Yuracmarca,Huaylas,Ancash,21210,0.08510825,0
Piscobamba,Mariscal Luzuriaga,Ancash,21301,0.017388368,0
Casca,Mariscal Luzuriaga,Ancash,21302,0.000647527,0
Fidel Olivas Escudero,Mariscal Luzuriaga,Ancash,21304,0.19386092,0
Llama,Mariscal Luzuriaga,Ancash,21305,0.31820878,0
Llumpa,Mariscal Luzuriaga,Ancash,21306,0.43766961,0
Lucma,Mariscal Luzuriaga,Ancash,21307,0.17737862,0
Musga,Mariscal Luzuriaga,Ancash,21308,0.011254969,0
Ocros,Bolognesi,Ancash,21401,0.000247315,0
Acas,Bolognesi,Ancash,21402,8.22E-05,0
Cajamarquilla,Bolognesi,Ancash,21403,0.057191383,3
Carhuapampa,Bolognesi,Ancash,21404,4.13E-05,5
Cochas,Bolognesi,Ancash,21405,0.02676937,0
Congas,Bolognesi,Ancash,21406,0.000232405,0
Llipa,Bolognesi,Ancash,21407,0.000432124,0
San Cristobal de Rajan,Bolognesi,Ancash,21408,0.000284313,9
San Pedro,Bolognesi,Ancash,21409,0.002970905,0
Santiago de Chilcas,Bolognesi,Ancash,21410,0.000218373,0
Cabana,Pallasca,Ancash,21501,0.03058973,0
Bolognesi,Pallasca,Ancash,21502,0.09765999,0
Conchucos,Pallasca,Ancash,21503,0.62273914,2
Huacaschuque,Pallasca,Ancash,21504,0.00021518,0
Huandoval,Pallasca,Ancash,21505,0.047031913,0
Lacabamba,Pallasca,Ancash,21506,0.029272448,0
Llapo,Pallasca,Ancash,21507,0.000389068,0
Pallasca,Pallasca,Ancash,21508,0.080798991,0
Pampas,Pallasca,Ancash,21509,0.031778514,1
Santa Rosa,Pallasca,Ancash,21510,0.011162137,0
Tauca,Pallasca,Ancash,21511,0.2922605,0
Pomabamba,Pomabamba,Ancash,21601,0.51919943,0
Huayllan,Pomabamba,Ancash,21602,0.48654482,0
Parobamba,Pomabamba,Ancash,21603,0.14725292,0
Quinuabamba,Pomabamba,Ancash,21604,0.13942106,0
Recuay,Recuay,Ancash,21701,0.72090316,4
Catac,Recuay,Ancash,21702,0.63960379,8
Cotaparaco,Recuay,Ancash,21703,0.16792546,0
Huayllapampa,Recuay,Ancash,21704,0.1997875,1
Llacllin,Recuay,Ancash,21705,5.60E-05,0
Marca,Recuay,Ancash,21706,0.012408931,0
Pampas Chico,Recuay,Ancash,21707,0.455064,0
Pararin,Recuay,Ancash,21708,0.001070355,0
Tapacocha,Recuay,Ancash,21709,0.095939077,0
Ticapampa,Recuay,Ancash,21710,0.077085435,0
Chimbote,Santa,Ancash,21801,0.044058323,6
Caceres del Peru,Santa,Ancash,21802,0.19295965,0
Macate,Santa,Ancash,21804,0.16884977,0
Moro,Santa,Ancash,21805,0.27296072,0
Nepena,Santa,Ancash,21806,0.001011825,0
Samanco,Santa,Ancash,21807,0.003609298,0
Santa,Santa,Ancash,21808,0.19977567,5
Sihuas,Sihuas,Ancash,21901,0.36884841,0
Acobamba,Sihuas,Ancash,21902,0.34442943,0
Alfonso Ugarte,Sihuas,Ancash,21903,0.000339841,0
Cashapampa,Sihuas,Ancash,21904,0.01162899,0
Chingalpo,Sihuas,Ancash,21905,0.023499971,0
Huayllabamba,Sihuas,Ancash,21906,0.00260295,0
Quiches,Sihuas,Ancash,21907,0.41372347,0
Ragash,Sihuas,Ancash,21908,0.079698749,0
San Juan,Sihuas,Ancash,21909,0.98678261,0
Sicsibamba,Sihuas,Ancash,21910,1,0
Yungay,Yungay,Ancash,22001,0.15826701,0
Cascapara,Yungay,Ancash,22002,0.33863235,0
Mancos,Yungay,Ancash,22003,0.75187129,2
Matacoto,Yungay,Ancash,22004,0.19452815,0
Quillo,Yungay,Ancash,22005,0.42425898,0
Ranrahirca,Yungay,Ancash,22006,0.13764715,0
Shupluy,Yungay,Ancash,22007,0.38749135,0
Yanama,Yungay,Ancash,22008,0.047334094,1
Abancay,Abancay,Apurimac,30101,0.094953887,28
Chacoche,Abancay,Apurimac,30102,0,5
Circa,Abancay,Apurimac,30103,0.22223595,28
Curahuasi,Abancay,Apurimac,30104,0.36590585,15
Huanipaca,Abancay,Apurimac,30105,0.65578431,4
Lambrama,Abancay,Apurimac,30106,0.098063916,49
Pichirhua,Abancay,Apurimac,30107,0.078505076,24
San Pedro de Cachora,Abancay,Apurimac,30108,0.2735796,5
Tamburco,Abancay,Apurimac,30109,0.11684953,3
Andahuaylas,Andahuaylas,Apurimac,30201,0.033483073,22
Andarapa,Andahuaylas,Apurimac,30202,0.77263236,33
Chiara,Andahuaylas,Apurimac,30203,0,9
Huancarama,Andahuaylas,Apurimac,30204,0.62414628,2
Huancaray,Andahuaylas,Apurimac,30205,0.070410304,6
Kishuara,Andahuaylas,Apurimac,30207,0.28477052,0
Pacobamba,Andahuaylas,Apurimac,30208,0.29220194,0
Pacucha,Andahuaylas,Apurimac,30209,0.25314534,12
Pampachiri,Andahuaylas,Apurimac,30210,0,8
Pomacocha,Andahuaylas,Apurimac,30211,0,2
San Antonio de Cachi,Andahuaylas,Apurimac,30212,0.37145692,9
San Jeronimo,Andahuaylas,Apurimac,30213,0.11751354,7
Santa Maria de Chicmo,Andahuaylas,Apurimac,30215,0.27392867,6
Talavera,Andahuaylas,Apurimac,30216,0.055825312,5
Tumay Huaraca,Andahuaylas,Apurimac,30217,0,16
Turpo,Andahuaylas,Apurimac,30218,0,10
Antabamba,Antabamba,Apurimac,30301,0.31703839,6
El Oro,Antabamba,Apurimac,30302,0,2
Huaquirca,Antabamba,Apurimac,30303,0.021346929,9
Juan Espinoza Medrano,Antabamba,Apurimac,30304,0.031093767,17
Oropesa,Antabamba,Apurimac,30305,0.017891409,14
Pachaconas,Antabamba,Apurimac,30306,0,9
Sabaino,Antabamba,Apurimac,30307,0.024294125,21
Chalhuanca,Aymaraes,Apurimac,30401,0,19
Capaya,Aymaraes,Apurimac,30402,0,5
Caraybamba,Aymaraes,Apurimac,30403,0,4
Chapimarca,Aymaraes,Apurimac,30404,0,8
Colcabamba,Aymaraes,Apurimac,30405,0,17
Cotaruse,Aymaraes,Apurimac,30406,0,26
Huayllo,Aymaraes,Apurimac,30407,0,7
Lucre,Aymaraes,Apurimac,30409,0,17
Pocohuanca,Aymaraes,Apurimac,30410,0,6
San Juan de Chacna,Aymaraes,Apurimac,30411,0,5
Sanayca,Aymaraes,Apurimac,30412,0,6
Soraya,Aymaraes,Apurimac,30413,0,7
Tapairihua,Aymaraes,Apurimac,30414,0,19
Tintay,Aymaraes,Apurimac,30415,0.022353662,9
Toraya,Aymaraes,Apurimac,30416,0.090482347,61
Yanaca,Aymaraes,Apurimac,30417,0.019849896,17
Tambobamba,Cotabambas,Apurimac,30501,0.019350588,0
Cotabambas,Cotabambas,Apurimac,30502,0.36695346,0
Coyllurqui,Cotabambas,Apurimac,30503,0.1136607,0
Haquira,Cotabambas,Apurimac,30504,0,15
Mara,Cotabambas,Apurimac,30505,0.019350588,0
Chincheros,Andahuaylas,Apurimac,30601,0.19811948,2
Anco Huallo,Andahuaylas,Apurimac,30602,0,1
Cocharcas,Andahuaylas,Apurimac,30603,0.105442,36
Ocobamba,Andahuaylas,Apurimac,30605,1,22
Ongoy,Andahuaylas,Apurimac,30606,0.15250672,24
Chuquibambilla,Grau,Apurimac,30701,0.067840651,17
Curpahuasi,Grau,Apurimac,30702,0.21496157,12
Gamarra,Grau,Apurimac,30703,0.039902229,17
Huayllati,Grau,Apurimac,30704,0,5
Mamara,Grau,Apurimac,30705,0,4
Micaela Bastidas,Grau,Apurimac,30706,0.27641389,27
Pataypampa,Grau,Apurimac,30707,0,5
Progreso,Grau,Apurimac,30708,0.27641389,27
San Antonio,Grau,Apurimac,30709,0,1
Turpay,Grau,Apurimac,30711,0,0
Vilcabamba,Grau,Apurimac,30712,0,5
Arequipa,Arequipa,Arequipa,40101,0.8419854,13
Cayma,Arequipa,Arequipa,40103,0.001243178,1
Cerro Colorado,Arequipa,Arequipa,40104,0.006882663,0
Characato,Arequipa,Arequipa,40105,0.006395091,0
Chiguata,Arequipa,Arequipa,40106,0.00375206,1
La Joya,Arequipa,Arequipa,40108,0.090529606,0
Mariano Melgar,Arequipa,Arequipa,40109,0,1
Miraflores,Arequipa,Arequipa,40110,0.006018299,3
Mollebaya,Arequipa,Arequipa,40111,0,0
Paucarpata,Arequipa,Arequipa,40112,0.8419854,13
Pocsi,Arequipa,Arequipa,40113,0.003056393,0
Polobaya,Arequipa,Arequipa,40114,0,0
Quequena,Arequipa,Arequipa,40115,0,0
Sabandia,Arequipa,Arequipa,40116,0.005585138,0
Sachaca,Arequipa,Arequipa,40117,0.032075182,0
San Juan de Siguas,Arequipa,Arequipa,40118,0.015202085,0
San Juan de Tarucani,Arequipa,Arequipa,40119,0,0
Santa Isabel de Siguas,Arequipa,Arequipa,40120,0.015202085,0
Santa Rita de Siguas,Arequipa,Arequipa,40121,0.002861148,0
Socabaya,Arequipa,Arequipa,40122,0.8419854,13
Tiabaya,Arequipa,Arequipa,40123,1,0
Uchumayo,Arequipa,Arequipa,40124,0.002385388,0
Vitor,Arequipa,Arequipa,40125,0.001132298,0
Yanahuara,Arequipa,Arequipa,40126,0.07623639,0
Yarabamba,Arequipa,Arequipa,40127,0.000249009,0
Yura,Arequipa,Arequipa,40128,0.00013848,0
Camana,Camana,Arequipa,40201,0.090550415,0
Jose Maria Quimper,Camana,Arequipa,40202,0.016155465,0
Mariano Nicolas Valcarcel,Camana,Arequipa,40203,0,0
Mariscal Caceres,Camana,Arequipa,40204,0.003398586,0
Nicolas de Pierola,Camana,Arequipa,40205,0.015202085,0
Ocona,Camana,Arequipa,40206,0,0
Quilca,Camana,Arequipa,40207,0.015202085,0
Samuel Pastor,Camana,Arequipa,40208,0.004023111,0
Caraveli,Caraveli,Arequipa,40301,0,0
Acari,Caraveli,Arequipa,40302,0.007023454,2
Atico,Caraveli,Arequipa,40303,0,0
Atiquipa,Caraveli,Arequipa,40304,0,0
Bella Union,Caraveli,Arequipa,40305,0.002682466,0
Cahuacho,Caraveli,Arequipa,40306,0,0
Chala,Caraveli,Arequipa,40307,0.00018504,1
Chaparra,Caraveli,Arequipa,40308,0,0
Huanuhuanu,Caraveli,Arequipa,40309,0,1
Jaqui,Caraveli,Arequipa,40310,0.004338138,0
Lomas,Caraveli,Arequipa,40311,0,
Quicacha,Caraveli,Arequipa,40312,0,0
Yauca,Caraveli,Arequipa,40313,0,0
Aplao,Castilla,Arequipa,40401,0.007368205,1
Andagua,Castilla,Arequipa,40402,0.000760155,0
Ayo,Castilla,Arequipa,40403,0,0
Chachas,Castilla,Arequipa,40404,0.000416381,0
Chilcaymarca,Castilla,Arequipa,40405,0,0
Choco,Castilla,Arequipa,40406,0,0
Huancarqui,Castilla,Arequipa,40407,0.000295737,0
Machaguay,Castilla,Arequipa,40408,0.20022437,0
Orcopampa,Castilla,Arequipa,40409,0,0
Pampacolca,Castilla,Arequipa,40410,0.011766034,0
Tipan,Castilla,Arequipa,40411,0.000303203,0
Unon,Castilla,Arequipa,40412,0,0
Uraca,Castilla,Arequipa,40413,0.015202085,0
Viraco,Castilla,Arequipa,40414,0.020861655,0
Chivay,Caylloma,Arequipa,40501,0.10512768,2
Achoma,Caylloma,Arequipa,40502,0.15623203,0
Cabanaconde,Caylloma,Arequipa,40503,0,0
Callalli,Caylloma,Arequipa,40504,0.080266587,0
Caylloma,Caylloma,Arequipa,40505,0.2007283,0
Coporaque,Caylloma,Arequipa,40506,0.028123839,0
Huambo,Caylloma,Arequipa,40507,0.000276058,0
Huanca,Caylloma,Arequipa,40508,6.47E-05,0
Ichupampa,Caylloma,Arequipa,40509,0,0
Lari,Caylloma,Arequipa,40510,0,0
Lluta,Caylloma,Arequipa,40511,0.018905297,0
Maca,Caylloma,Arequipa,40512,0,0
Madrigal,Caylloma,Arequipa,40513,0,0
San Antonio de Chuca,Caylloma,Arequipa,40514,0.067717403,0
Sibayo,Caylloma,Arequipa,40515,0.020814452,0
Tapay,Caylloma,Arequipa,40516,0.003627906,0
Tisco,Caylloma,Arequipa,40517,0.036995426,0
Tuti,Caylloma,Arequipa,40518,0.11499759,0
Yanque,Caylloma,Arequipa,40519,0.089113846,0
Chuquibamba,Condesuyos,Arequipa,40601,0.000769004,1
Andaray,Condesuyos,Arequipa,40602,0.000725349,0
Cayarani,Condesuyos,Arequipa,40603,0,0
Chichas,Condesuyos,Arequipa,40604,0,0
Iray,Condesuyos,Arequipa,40605,0.000424677,0
Rio Grande,Condesuyos,Arequipa,40606,0.000148079,0
Salamanca,Condesuyos,Arequipa,40607,0,0
Yanaquihua,Condesuyos,Arequipa,40608,0.000105397,0
Mollendo,Islay,Arequipa,40701,0.000228863,1
Cocachacra,Islay,Arequipa,40702,0.010253107,0
Dean Valdivia,Islay,Arequipa,40703,0.16349086,0
Islay,Islay,Arequipa,40704,0.000307555,0
Mejia,Islay,Arequipa,40705,0.013951822,0
Punta de Bombon,Islay,Arequipa,40706,0.011237578,0
Cotahuasi,La Union,Arequipa,40801,0.66335273,4
Alca,La Union,Arequipa,40802,0.000627533,1
Charcana,La Union,Arequipa,40803,0,0
Huaynacotas,La Union,Arequipa,40804,0.15183215,0
Pampamarca,La Union,Arequipa,40805,0,1
Puyca,La Union,Arequipa,40806,0.06071604,0
Quechualla,La Union,Arequipa,40807,0,0
Sayla,La Union,Arequipa,40808,0,1
Tauria,La Union,Arequipa,40809,0,0
Tomepampa,La Union,Arequipa,40810,0,0
Toro,La Union,Arequipa,40811,0.037304189,0
Ayacucho,Huamanga,Ayacucho,50101,0.31505352,310
Acocro,Huamanga,Ayacucho,50102,0.3760483,79
Acos Vinchos,Huamanga,Ayacucho,50103,0.43338686,24
Carmen Alto,Huamanga,Ayacucho,50104,0.73552132,19
Chiara,Huamanga,Ayacucho,50105,0.091934435,62
Ocros,Huamanga,Ayacucho,50106,0.093282387,32
Pacaycasa,Huanta,Ayacucho,50107,0.5735454,21
Quinua,Huamanga,Ayacucho,50108,0.048901975,33
San Jose de Ticllas,Huamanga,Ayacucho,50109,0.085286878,78
San Juan Bautista,Huamanga,Ayacucho,50110,0.038645558,56
Santiago de Pischa,Huamanga,Ayacucho,50111,0.27313894,52
Socos,Huamanga,Ayacucho,50112,0.29591438,19
Tambillo,Huamanga,Ayacucho,50113,0.39509353,13
Vinchos,Huamanga,Ayacucho,50114,0.08271236,79
Cangallo,Cangallo,Ayacucho,50201,0,147
Chuschi,Cangallo,Ayacucho,50202,0,43
Los Morochucos,Cangallo,Ayacucho,50203,0.12540737,65
Maria Parado de Bellido,Cangallo,Ayacucho,50204,0,4
Paras,Cangallo,Ayacucho,50205,0,22
Totos,Cangallo,Ayacucho,50206,0,43
Sancos,Victor Fajardo,Ayacucho,50301,0,24
Carapo,Victor Fajardo,Ayacucho,50302,0,7
Sacsamarca,Victor Fajardo,Ayacucho,50303,0,37
Santiago de Lucanamarca,Victor Fajardo,Ayacucho,50304,0,34
Huanta,Huanta,Ayacucho,50401,0.14880545,661
Ayahuanco,Huanta,Ayacucho,50402,0.14880545,661
Huamanguilla,Huanta,Ayacucho,50403,0.40882346,30
Iguain,Huanta,Ayacucho,50404,0.40841246,59
Luricocha,Huanta,Ayacucho,50405,0.87525475,73
Santillana,Huanta,Ayacucho,50406,0.14880545,661
San Miguel,La Mar,Ayacucho,50501,0.28614342,503
Anco,La Mar,Ayacucho,50502,0.21181944,561
Ayna,La Mar,Ayacucho,50503,0.28614342,503
Chilcas,La Mar,Ayacucho,50504,0.23579757,25
Chungui,La Mar,Ayacucho,50505,0.21181944,561
Luis Carranza,La Mar,Ayacucho,50506,0.010956,8
Tambo,La Mar,Ayacucho,50508,0.37387818,176
Puquio,Lucanas,Ayacucho,50601,0,18
Aucara,Lucanas,Ayacucho,50602,0.13795005,57
Cabana,Lucanas,Ayacucho,50603,0,7
Carmen Salcedo,Lucanas,Ayacucho,50604,0,4
Chavina,Lucanas,Ayacucho,50605,0,1
Chipao,Lucanas,Ayacucho,50606,0,6
Huac Huas,Lucanas,Ayacucho,50607,0.001467641,0
Laramate,Lucanas,Ayacucho,50608,0.01681881,3
Leoncio Prado,Lucanas,Ayacucho,50609,0.000299932,0
Llauta,Lucanas,Ayacucho,50610,0,0
Lucanas,Lucanas,Ayacucho,50611,0.008322239,15
Ocana,Lucanas,Ayacucho,50612,0,2
Otoca,Lucanas,Ayacucho,50613,0.000105436,3
Saisa,Lucanas,Ayacucho,50614,0,0
San Juan,Lucanas,Ayacucho,50616,0.034149125,8
San Pedro,Lucanas,Ayacucho,50617,0,3
San Pedro de Palco,Lucanas,Ayacucho,50618,0,2
Sancos,Lucanas,Ayacucho,50619,0,0
Santa Ana de Huaycahuacho,Lucanas,Ayacucho,50620,0,1
Santa Lucia,Lucanas,Ayacucho,50621,5.06E-05,0
Coracora,Parinacochas,Ayacucho,50701,0.015083133,11
Chumpi,Parinacochas,Ayacucho,50702,0.068083286,1
Coronel Castaneda,Parinacochas,Ayacucho,50703,0,4
Pacapausa,Parinacochas,Ayacucho,50704,0,1
Pullo,Parinacochas,Ayacucho,50705,0.039154638,2
Puyusca,Parinacochas,Ayacucho,50706,0.037628762,1
San Francisco de Ravacayco,Parinacochas,Ayacucho,50707,0,1
Upahuacho,Parinacochas,Ayacucho,50708,0,4
Pausa,Parinacochas,Ayacucho,50801,0.00098078,2
Colta,Parinacochas,Ayacucho,50802,0.000988749,1
Carculla,Parinacochas,Ayacucho,50803,0,1
Lampa,Parinacochas,Ayacucho,50804,0.000372265,0
Marcabamba,Parinacochas,Ayacucho,50805,0,3
Oyolo,Parinacochas,Ayacucho,50806,0,1
Pararca,Parinacochas,Ayacucho,50807,0.002764637,3
San Javier de Alpabamba,Parinacochas,Ayacucho,50808,0,0
San Jose de Ushua,Parinacochas,Ayacucho,50809,0,0
Querobamba,Lucanas,Ayacucho,50901,0,13
Belen,Lucanas,Ayacucho,50902,0,0
Chalcos,Lucanas,Ayacucho,50903,0,2
Chilcayoc,Lucanas,Ayacucho,50904,0,8
Huacana,Lucanas,Ayacucho,50905,0,1
Morcolla,Lucanas,Ayacucho,50906,0,7
Paico,Lucanas,Ayacucho,50907,0,1
San Pedro de Larcay,Lucanas,Ayacucho,50908,0,8
San Salvador de Quije,Lucanas,Ayacucho,50909,0,0
Santiago de Paucaray,Lucanas,Ayacucho,50910,0,0
Soras,Lucanas,Ayacucho,50911,0,10
Huancapi,Victor Fajardo,Ayacucho,51001,0,42
Alcamenca,Victor Fajardo,Ayacucho,51002,0,2
Apongo,Victor Fajardo,Ayacucho,51003,0,14
Canaria,Victor Fajardo,Ayacucho,51005,0,17
Cayara,Victor Fajardo,Ayacucho,51006,0.024551312,69
Colca,Victor Fajardo,Ayacucho,51007,0,25
Huamanquiquia,Victor Fajardo,Ayacucho,51008,0,23
Huancaraylla,Victor Fajardo,Ayacucho,51009,0,38
Huaya,Victor Fajardo,Ayacucho,51010,0,80
Sarhua,Victor Fajardo,Ayacucho,51011,0,5
Vilcanchos,Victor Fajardo,Ayacucho,51012,0,33
Vilcas Huaman,Cangallo,Ayacucho,51101,0.023872634,266
Acomarca,Cangallo,Ayacucho,51102,0,39
Carhuanca,Cangallo,Ayacucho,51103,0.023872634,266
Concepcion,Cangallo,Ayacucho,51104,0.084158726,52
Huambalpa,Cangallo,Ayacucho,51105,0,48
Vischongo,Cangallo,Ayacucho,51108,0,110
Cajamarca,Cajamarca,Cajamarca,60101,0.19394819,3
Asuncion,Cajamarca,Cajamarca,60102,0.018196229,0
Chetilla,Cajamarca,Cajamarca,60103,0.70521939,0
Cospan,Cajamarca,Cajamarca,60104,1,0
Encanada,Cajamarca,Cajamarca,60105,0.89701068,0
Jesus,Cajamarca,Cajamarca,60106,0.84921491,0
Llacanora,Cajamarca,Cajamarca,60107,0.16714212,0
Los Banos del Inca,Cajamarca,Cajamarca,60108,1,0
Magdalena,Cajamarca,Cajamarca,60109,0.29968742,0
Matara,Cajamarca,Cajamarca,60110,0.56213611,0
Namora,Cajamarca,Cajamarca,60111,0.90763342,0
San Juan,Cajamarca,Cajamarca,60112,0.048724752,0
Cajabamba,Cajabamba,Cajamarca,60201,0.16063651,21
Cachachi,Cajabamba,Cajamarca,60202,0.56899929,14
Condebamba,Cajabamba,Cajamarca,60203,0.68234193,0
Sitacocha,Cajabamba,Cajamarca,60204,0.60951805,6
Celendin,Celendin,Cajamarca,60301,0.026707219,0
Chumuch,Celendin,Cajamarca,60302,0.20660278,0
Cortegana,Celendin,Cajamarca,60303,0.52688569,0
Huasmin,Celendin,Cajamarca,60304,0.097697094,0
Jorge Chavez,Celendin,Cajamarca,60305,0,0
Jose Galvez,Celendin,Cajamarca,60306,0.030351806,0
Miguel Iglesias,Celendin,Cajamarca,60307,0.016019711,0
Oxamarca,Celendin,Cajamarca,60308,0.008271315,0
Sorochuco,Celendin,Cajamarca,60309,0.007207588,0
Sucre,Celendin,Cajamarca,60310,0.28053039,0
Utco,Celendin,Cajamarca,60311,0.43221617,0
Chota,Chota,Cajamarca,60401,0.019071043,0
Anguia,Chota,Cajamarca,60402,0.085661456,0
Chadin,Chota,Cajamarca,60403,0,0
Chiguirip,Chota,Cajamarca,60404,0,0
Chimban,Chota,Cajamarca,60405,0.009350676,0
Cochabamba,Chota,Cajamarca,60407,0.21900468,0
Conchan,Chota,Cajamarca,60408,0.39920288,0
Huambos,Chota,Cajamarca,60409,0.14537923,0
Lajas,Chota,Cajamarca,60410,0.37150928,0
Llama,Chota,Cajamarca,60411,0.84699839,0
Miracosta,Chota,Cajamarca,60412,0.84699839,0
Paccha,Chota,Cajamarca,60413,0.30459118,0
Pion,Chota,Cajamarca,60414,0.66097152,0
Querocoto,Chota,Cajamarca,60415,0.075391896,0
Tacabamba,Chota,Cajamarca,60417,0.10767209,0
Tocmoche,Chota,Cajamarca,60418,0.073356159,0
Contumaza,Contumaza,Cajamarca,60501,0.33766747,0
Chilete,Contumaza,Cajamarca,60502,0.000353924,0
Cupisnique,Contumaza,Cajamarca,60503,0.063196443,0
Guzmanco,Contumaza,Cajamarca,60504,0,0
San Benito,Contumaza,Cajamarca,60505,0.003457282,0
Santa Cruz de Toledo,Contumaza,Cajamarca,60506,0.29661691,0
Tantarica,Contumaza,Cajamarca,60507,0,0
Yonan,Contumaza,Cajamarca,60508,0.034559954,0
Cutervo,Cutervo,Cajamarca,60601,0.31600869,0
Callayuc,Cutervo,Cajamarca,60602,0.17824852,1
Choros,Cutervo,Cajamarca,60603,0.065377742,0
Cujillo,Cutervo,Cajamarca,60604,0.015468948,0
La Ramada,Cutervo,Cajamarca,60605,0,0
Pimpingos,Cutervo,Cajamarca,60606,0.19648898,0
Querocotillo,Cutervo,Cajamarca,60607,0.16387017,0
San Andres de Cutervo,Cutervo,Cajamarca,60608,0.091340482,0
San Juan de Cutervo,Cutervo,Cajamarca,60609,0.016381253,0
San Luis de Lucma,Cutervo,Cajamarca,60610,0,0
Santa Cruz,Cutervo,Cajamarca,60611,0.75008029,0
Santo Domingo de la Capilla,Cutervo,Cajamarca,60612,0.041266952,0
Santo Tomas,Cutervo,Cajamarca,60613,0.015724061,0
Socota,Cutervo,Cajamarca,60614,0.15855528,0
Toribio Casanova,Cutervo,Cajamarca,60615,0,0
Bambamarca,Hualgayog,Cajamarca,60701,0.006884195,0
Chugur,Hualgayog,Cajamarca,60702,0,0
Hualgayoc,Hualgayog,Cajamarca,60703,0.052938256,0
Jaen,Jaen,Cajamarca,60801,0.040137846,3
Bellavista,Jaen,Cajamarca,60802,0.074188173,0
Chontali,Jaen,Cajamarca,60803,0.008310286,0
Colasay,Jaen,Cajamarca,60804,0.25475445,0
Pomahuaca,Jaen,Cajamarca,60807,0.078210242,1
Pucara,Jaen,Cajamarca,60808,0.031008573,1
Sallique,Jaen,Cajamarca,60809,0,0
San Felipe,Jaen,Cajamarca,60810,0.44395304,0
San Jose del Alto,Jaen,Cajamarca,60811,0.18849157,0
Santa Rosa,Jaen,Cajamarca,60812,0,0
San Ignacio,San Ignacio,Cajamarca,60901,0.28973195,1
Chirinos,San Ignacio,Cajamarca,60902,0.033921041,1
Huarango,San Ignacio,Cajamarca,60903,0,0
La Coipa,San Ignacio,Cajamarca,60904,0.19259609,0
Namballe,San Ignacio,Cajamarca,60905,0.033021264,0
San Jose de Lourdes,San Ignacio,Cajamarca,60906,0.10097732,0
Tabaconas,San Ignacio,Cajamarca,60907,0.13070787,0
San Marcos,Cajamarca,Cajamarca,61002,1,1
Ichocan,Cajamarca,Cajamarca,61005,1,1
San Miguel,San Miguel,Cajamarca,61101,0.27698416,0
Calquis,San Miguel,Cajamarca,61103,0.052839741,0
La Florida,San Miguel,Cajamarca,61106,0,0
Llapa,San Miguel,Cajamarca,61107,0.054910652,0
Nanchoc,San Miguel,Cajamarca,61108,0.028159177,0
Niepos,San Miguel,Cajamarca,61109,0.001026027,0
San Gregorio,San Miguel,Cajamarca,61110,0.27698416,0
San Silvestre de Cochan,San Miguel,Cajamarca,61111,0.002955629,0
San Pablo,Cajamarca,Cajamarca,61201,0.211004,0
Santa Cruz,Santa Cruz,Cajamarca,61301,0.37807077,0
Andabamba,Santa Cruz,Cajamarca,61302,0,0
Catache,Santa Cruz,Cajamarca,61303,0.014849928,0
Chancaybanos,Santa Cruz,Cajamarca,61304,0,0
La Esperanza,Santa Cruz,Cajamarca,61305,0.16057977,0
Ninabamba,Santa Cruz,Cajamarca,61306,0,0
Pulan,Santa Cruz,Cajamarca,61307,0.20072061,0
Sexi,Santa Cruz,Cajamarca,61309,0.053918447,0
Uticyacu,Santa Cruz,Cajamarca,61310,0,0
Yauyucan,Santa Cruz,Cajamarca,61311,0.054910652,0
Callao,Callao Prov. Const.,Callao,70101,0.20049658,6
Bellavista,Callao Prov. Const.,Callao,70102,0,4
Carmen de la Legua Reynoso,Callao Prov. Const.,Callao,70103,0,3
La Perla,Callao Prov. Const.,Callao,70104,0,3
La Punta,Callao Prov. Const.,Callao,70105,0,6
Ventanilla,Callao Prov. Const.,Callao,70106,0.019722546,2
Cuzco,Cuzco,Cuzco,80101,0.45428076,27
Ccorca,Cuzco,Cuzco,80102,0.63007152,0
Poroy,Cuzco,Cuzco,80103,1,0
San Jeronimo,Cuzco,Cuzco,80104,0,2
San Sebastian,Cuzco,Cuzco,80105,0.22239681,2
Santiago,Cuzco,Cuzco,80106,0.2358689,4
Saylla,Cuzco,Cuzco,80107,0.1492172,0
Huanchac,Cuzco,Cuzco,80108,0,7
Acomayo,Cuzco Acomayo,Cuzco,80201,0.031676117,1
Acopia,Cuzco Acomayo,Cuzco,80202,0,1
Acos,Cuzco Acomayo,Cuzco,80203,0.13475923,0
Mosoc Llacta,Cuzco Acomayo,Cuzco,80204,0,0
Pomacanchi,Cuzco Acomayo,Cuzco,80205,0.082873367,3
Rondocan,Cuzco Acomayo,Cuzco,80206,0.064180203,0
Sangarara,Cuzco Acomayo,Cuzco,80207,0.27769303,0
Anta,Anta,Cuzco,80301,0.28521761,1
Cachimayo,Anta,Cuzco,80303,0.18402922,0
Chinchaypujio,Anta,Cuzco,80304,0.36421794,0
Huarocondo,Anta,Cuzco,80305,0.84641016,0
Limatambo,Anta,Cuzco,80306,0.73055083,0
Mollepata,Anta,Cuzco,80307,1,0
Pucyura,Anta,Cuzco,80308,0.18402922,0
Zurite,Anta,Cuzco,80309,0.50650495,0
Calca,Calca,Cuzco,80401,0.68419695,3
Coya,Calca,Cuzco,80402,0.048773199,0
Lamay,Calca,Cuzco,80403,0.057495613,3
Lares,Calca,Cuzco,80404,0.084234908,98
Pisac,Calca,Cuzco,80405,0.67140645,1
San Salvador,Calca,Cuzco,80406,0.73749536,0
Taray,Calca,Cuzco,80407,0.2856136,0
Yanaoca,Canas,Cuzco,80501,0.05543476,1
Checca,Canas,Cuzco,80502,0.078302562,1
Kunturkanki,Canas,Cuzco,80503,0.27920106,0
Langui,Canas,Cuzco,80504,0.29896086,1
Layo,Canas,Cuzco,80505,0.23456895,2
Pampamarca,Canas,Cuzco,80506,0.010558128,0
Quehue,Canas,Cuzco,80507,0,1
Tupac Amaru,Canas,Cuzco,80508,0.005008533,5
Sicuani,Canchis,Cuzco,80601,0.61388445,3
Checacupe,Canchis,Cuzco,80602,0.12185351,0
Combapata,Canchis,Cuzco,80603,0.022585694,0
Marangani,Canchis,Cuzco,80604,0.728836,0
Pitumarca,Canchis,Cuzco,80605,0.55225146,3
San Pablo,Canchis,Cuzco,80606,0.26937568,0
San Pedro,Canchis,Cuzco,80607,0,1
Tinta,Canchis,Cuzco,80608,0.25390765,5
Santo Tomas,Chumbivilcas,Cuzco,80701,0.007420116,12
Capacmarca,Chumbivilcas,Cuzco,80702,0.01736173,0
Chamaca,Chumbivilcas,Cuzco,80703,0.09026096,0
Colquemarca,Chumbivilcas,Cuzco,80704,0.098605081,1
Livitaca,Chumbivilcas,Cuzco,80705,0.36188531,7
Llusco,Chumbivilcas,Cuzco,80706,0.034403268,4
Quinota,Chumbivilcas,Cuzco,80707,0,2
Velille,Chumbivilcas,Cuzco,80708,0.067861602,0
Espinar,Espinar,Cuzco,80801,0.24517559,2
Condoroma,Espinar,Cuzco,80802,0.036592994,0
Coporaque,Espinar,Cuzco,80803,0.10321467,1
Ocoruro,Espinar,Cuzco,80804,0,2
Pallpata,Espinar,Cuzco,80805,0.33519322,1
Pichigua,Espinar,Cuzco,80806,0.33519322,1
Suyckutambo,Espinar,Cuzco,80807,0,1
Santa Ana,La Convencion,Cuzco,80901,0.26508096,6
Echarate,La Convencion,Cuzco,80902,0.084234908,98
Huayopata,La Convencion,Cuzco,80903,0.041173816,0
Maranura,La Convencion,Cuzco,80904,0.019836893,0
Ocobamba,La Convencion,Cuzco,80905,0.084234908,98
Santa Teresa,La Convencion,Cuzco,80908,0.1750143,2
Vilcabamba,La Convencion,Cuzco,80909,0.047838598,39
Paruro,Paruro,Cuzco,81001,0.40158668,2
Accha,Paruro,Cuzco,81002,0.30152211,0
Ccapi,Paruro,Cuzco,81003,0.17831324,0
Colcha,Paruro,Cuzco,81004,0.17557889,0
Huanoquite,Paruro,Cuzco,81005,0.80456555,0
Omacha,Paruro,Cuzco,81006,0.1853888,2
Paccaritambo,Paruro,Cuzco,81007,0.27857324,0
Pillpinto,Paruro,Cuzco,81008,0.13662998,0
Yaurisque,Paruro,Cuzco,81009,0,0
Paucartambo,Paucartambo,Cuzco,81101,0.35255802,0
Caicay,Paucartambo,Cuzco,81102,0.45592967,0
Challabamba,Paucartambo,Cuzco,81103,0.40967739,0
Colquepata,Paucartambo,Cuzco,81104,0.45592967,0
Kosnipata,Paucartambo,Cuzco,81106,0,0
Urcos,Quispicanchi,Cuzco,81201,0.13862009,2
Andahuaylillas,Quispicanchi,Cuzco,81202,0.69783181,2
Camanti,Quispicanchi,Cuzco,81203,0,0
Ccarhuayo,Quispicanchi,Cuzco,81204,0.46021286,0
Ccatca,Quispicanchi,Cuzco,81205,0.78825051,0
Cusipata,Quispicanchi,Cuzco,81206,0.023812655,0
Huaro,Quispicanchi,Cuzco,81207,0.02559267,0
Lucre,Quispicanchi,Cuzco,81208,0.86016947,0
Marcapata,Quispicanchi,Cuzco,81209,0.071879379,1
Ocongate,Quispicanchi,Cuzco,81210,0.069308437,0
Oropesa,Quispicanchi,Cuzco,81211,1,0
Quiquijana,Quispicanchi,Cuzco,81212,0.1756244,0
Urubamba,Urubamba,Cuzco,81301,1,0
Chinchero,Urubamba,Cuzco,81302,0.47388372,1
Huayllabamba,Urubamba,Cuzco,81303,0.48504949,1
Machupicchu,Urubamba,Cuzco,81304,1,0
Maras,Urubamba,Cuzco,81305,0.72319883,0
Ollantaytambo,Urubamba,Cuzco,81306,0.59465426,1
Yucay,Urubamba,Cuzco,81307,0.004568287,0
Huancavelica,Huancavelica,Huancavelica,90101,0.21621154,85
Acobambilla,Huancavelica,Huancavelica,90102,0.053632211,25
Acoria,Huancavelica,Huancavelica,90103,0.63647968,6
Conayca,Huancavelica,Huancavelica,90104,0,2
Cuenca,Huancavelica,Huancavelica,90105,0,0
Huachocolpa,Huancavelica,Huancavelica,90106,0.20978671,57
Huayllahuara,Huancavelica,Huancavelica,90107,0,5
Izcuchaca,Huancavelica,Huancavelica,90108,0,3
Laria,Huancavelica,Huancavelica,90109,0,5
Manta,Huancavelica,Huancavelica,90110,0,32
Mariscal Caceres,Huancavelica,Huancavelica,90111,0,2
Moya,Huancavelica,Huancavelica,90112,0.030527644,16
Nuevo Occoro,Huancavelica,Huancavelica,90113,0,12
Palca,Huancavelica,Huancavelica,90114,0,7
Pilchaca,Huancavelica,Huancavelica,90115,0,3
Vilca,Huancavelica,Huancavelica,90116,0.022140924,34
Yauli,Huancavelica,Huancavelica,90117,0.51634532,18
Huando,Huancavelica,Huancavelica,90119,0.91331071,0
Acobamba,Acobamba,Huancavelica,90201,0.29997781,1
Andabamba,Acobamba,Huancavelica,90202,0.19041494,0
Anta,Acobamba,Huancavelica,90203,0,7
Caja,Acobamba,Huancavelica,90204,0,3
Marcas,Acobamba,Huancavelica,90205,0.42635641,17
Paucara,Acobamba,Huancavelica,90206,0.22102787,5
Pomacocha,Acobamba,Huancavelica,90207,0,1
Rosario,Acobamba,Huancavelica,90208,0.19022216,0
Lircay,Angaraes,Huancavelica,90301,0.20978671,57
Anchonga,Angaraes,Huancavelica,90302,0.20978671,57
Callanmarca,Angaraes,Huancavelica,90303,0,0
Chincho,Angaraes,Huancavelica,90305,0.65047455,21
Congalla,Angaraes,Huancavelica,90306,0.021739291,15
Huanca Huanca,Angaraes,Huancavelica,90307,0,3
Huayllay Grande,Angaraes,Huancavelica,90308,0,0
Julcamarca,Angaraes,Huancavelica,90309,0.094800286,51
San Antonio de Antaparco,Angaraes,Huancavelica,90310,0,5
Santo Tomas de Pata,Angaraes,Huancavelica,90311,0,28
Secclla,Angaraes,Huancavelica,90312,0.015688952,23
Castrovirreyna,Castrovirreyna,Huancavelica,90401,0.050883185,16
Arma,Castrovirreyna,Huancavelica,90402,0.002082138,1
Aurahua,Castrovirreyna,Huancavelica,90403,0,9
Capillas,Castrovirreyna,Huancavelica,90404,0,9
Chupamarca,Castrovirreyna,Huancavelica,90405,0,3
Cocas,Castrovirreyna,Huancavelica,90406,0.24912691,8
Huachos,Castrovirreyna,Huancavelica,90407,1,2
Huamatambo,Castrovirreyna,Huancavelica,90408,0,2
Mollepampa,Castrovirreyna,Huancavelica,90409,1,5
San Juan,Castrovirreyna,Huancavelica,90410,0.004777369,2
Santa Ana,Castrovirreyna,Huancavelica,90411,0,12
Tantara,Castrovirreyna,Huancavelica,90412,0,0
Ticrapo,Castrovirreyna,Huancavelica,90413,0.28823212,2
Churcampa,Tayacaja,Huancavelica,90501,0.022897679,18
Anco,Tayacaja,Huancavelica,90502,0.20977736,64
Chinchihuasi,Tayacaja,Huancavelica,90503,0.20977736,64
El Carmen,Tayacaja,Huancavelica,90504,0.41656026,4
La Merced,Tayacaja,Huancavelica,90505,0,3
Locroja,Tayacaja,Huancavelica,90506,0.051849518,3
Paucarbamba,Tayacaja,Huancavelica,90507,0.20977736,64
San Miguel de Mayocc,Tayacaja,Huancavelica,90508,0,2
San Pedro de Coris,Tayacaja,Huancavelica,90509,0.20977736,64
Pachamarca,Tayacaja,Huancavelica,90510,0.20977736,64
Huaytara,Castrovirreyna,Huancavelica,90601,8.97E-05,2
Ayavi,Castrovirreyna,Huancavelica,90602,0,1
Cordova,Castrovirreyna,Huancavelica,90603,0,0
Huayacundo Arma,Castrovirreyna,Huancavelica,90604,0,0
Laramarca,Castrovirreyna,Huancavelica,90605,0,4
Ocoyo,Castrovirreyna,Huancavelica,90606,0,0
Pilpichaca,Castrovirreyna,Huancavelica,90607,0.052498914,13
Querco,Castrovirreyna,Huancavelica,90608,0,0
Quito Arma,Castrovirreyna,Huancavelica,90609,0.13279597,0
San Antonio de Cusicancha,Castrovirreyna,Huancavelica,90610,0,0
San Francisco de Sangayaico,Castrovirreyna,Huancavelica,90611,0,0
San Isidro,Castrovirreyna,Huancavelica,90612,0,0
Santiago de Chocorvos,Castrovirreyna,Huancavelica,90613,0,0
Santiago de Quirahuara,Castrovirreyna,Huancavelica,90614,0,2
Santo Domingo de Capillas,Castrovirreyna,Huancavelica,90615,0,4
Tambo,Castrovirreyna,Huancavelica,90616,0,2
Pampas,Tayacaja,Huancavelica,90701,0.40280661,3
Acostambo,Tayacaja,Huancavelica,90702,0.27095246,1
Acraquia,Tayacaja,Huancavelica,90703,0.063226461,0
Ahuaycha,Tayacaja,Huancavelica,90704,0.054694455,0
Colcabamba,Tayacaja,Huancavelica,90705,0.48260754,2
Daniel Hernandez,Tayacaja,Huancavelica,90706,0.18809257,4
Huachocolpa,Tayacaja,Huancavelica,90707,0.2639631,1
Huaribamba,Tayacaja,Huancavelica,90709,0.1236549,1
Nahuimpuquio,Tayacaja,Huancavelica,90710,0,0
Pazos,Tayacaja,Huancavelica,90711,0.19594768,0
Quishuar,Tayacaja,Huancavelica,90713,1,0
Salcabamba,Tayacaja,Huancavelica,90714,0.34934792,2
San Marcos de Rocchac,Tayacaja,Huancavelica,90716,0,4
Surcubamba,Tayacaja,Huancavelica,90717,0.097433008,10
Huanuco,Huanuco,Huanuco,100101,0.4293991,84
Chinchao,Huanuco,Huanuco,100103,0.001848223,30
Churubamba,Huanuco,Huanuco,100104,0.14305015,22
Margos,Huanuco,Huanuco,100105,0,13
Quisqui,Huanuco,Huanuco,100106,0.49210078,15
San Francisco de Cayran,Huanuco,Huanuco,100107,0.066102996,2
San Pedro de Chaulan,Huanuco,Huanuco,100108,0.006378312,5
Santa Maria del Valle,Huanuco,Huanuco,100109,0.14855981,12
Yarumayo,Huanuco,Huanuco,100110,0,13
Ambo,Ambo,Huanuco,100201,1,6
Cayna,Ambo,Huanuco,100202,0,24
Colpas,Ambo,Huanuco,100203,0,11
Conchamarca,Ambo,Huanuco,100204,0,4
Huacar,Ambo,Huanuco,100205,0.073051549,41
San Francisco,Ambo,Huanuco,100206,0.19940072,6
San Rafael,Ambo,Huanuco,100207,0.12141207,49
Tomay Kichwa,Ambo,Huanuco,100208,0.2368769,3
La Union,Dos de Mayo,Huanuco,100301,0.38778582,1
Chuquis,Dos de Mayo,Huanuco,100307,0,1
Marias,Dos de Mayo,Huanuco,100311,0,6
Pachas,Dos de Mayo,Huanuco,100313,0,2
Quivilla,Dos de Mayo,Huanuco,100316,0.002848083,1
Ripan,Dos de Mayo,Huanuco,100317,0.053204108,1
Shunqui,Dos de Mayo,Huanuco,100321,0,0
Sillapata,Dos de Mayo,Huanuco,100322,0.014930218,1
Yanas,Dos de Mayo,Huanuco,100323,0.009902797,1
Huacaybamba,Maranon,Huanuco,100401,0.007822747,20
Pinra,Maranon,Huanuco,100404,0.14073864,6
Llata,Huamalies,Huanuco,100501,0.40526432,5
Arancay,Huamalies,Huanuco,100502,0.007822747,20
Chavin de Pariarca,Huamalies,Huanuco,100503,0,5
Jacas Grande,Huamalies,Huanuco,100504,0,2
Jircan,Huamalies,Huanuco,100505,0,7
Miraflores,Huamalies,Huanuco,100506,0,0
Monzon,Huamalies,Huanuco,100507,0,170
Punchao,Huamalies,Huanuco,100508,0,0
Punos,Huamalies,Huanuco,100509,0,1
Singa,Huamalies,Huanuco,100510,0.083311945,0
Tantamayo,Huamalies,Huanuco,100511,0,11
Rupa Rupa,Leoncio Prado,Huanuco,100601,0.001908361,203
Daniel Alomias Robles,Leoncio Prado,Huanuco,100602,0.003879577,184
Hermilio Valdizan,Leoncio Prado,Huanuco,100603,0.038650375,38
Jose Crespo y Castillo,Leoncio Prado,Huanuco,100604,0.027342547,652
Luyando,Leoncio Prado,Huanuco,100605,0,46
Mariano Damaso Beraun,Leoncio Prado,Huanuco,100606,0,78
Huacrachuco,Maranon,Huanuco,100701,0.19929218,3
Cholon,Maranon,Huanuco,100702,0,62
San Buenaventura,Maranon,Huanuco,100703,0.14073864,6
Panao,Pachitea,Huanuco,100801,0,3
Chaglla,Pachitea,Huanuco,100802,0.002060677,54
Molino,Pachitea,Huanuco,100803,0.013261744,4
Umari,Pachitea,Huanuco,100804,0,3
Puerto Inca,Pachitea,Huanuco,100901,0.002060677,54
Honoria,Pachitea,Huanuco,100903,0,4
Jesus,Dos de Mayo,Huanuco,101001,0,11
Banos,Dos de Mayo,Huanuco,101002,0,4
Jivia,Dos de Mayo,Huanuco,101003,0,2
Queropalca,Dos de Mayo,Huanuco,101004,0,1
Rondos,Dos de Mayo,Huanuco,101005,0.16673665,3
San Francisco de Asis,Dos de Mayo,Huanuco,101006,0,9
San Miguel de Cauri,Dos de Mayo,Huanuco,101007,0.10944545,8
Chavinillo,Dos de Mayo,Huanuco,101101,0,7
Cahuac,Dos de Mayo,Huanuco,101102,0,1
Chacabamba,Dos de Mayo,Huanuco,101103,0,2
Chupan,Dos de Mayo,Huanuco,101104,0,6
Jacas Chico,Dos de Mayo,Huanuco,101105,0.49210078,15
Obas,Dos de Mayo,Huanuco,101106,0.009902797,1
Ica,Ica,Ica,110101,0.011359056,7
La Tinguina,Ica,Ica,110102,0,2
Los Aquijes,Ica,Ica,110103,0.040142734,0
Pachacutec,Ica,Ica,110105,0.045046445,0
Parcona,Ica,Ica,110106,0.27319705,6
Pueblo Nuevo,Ica,Ica,110107,0.1339868,0
Salas,Ica,Ica,110108,0.022572648,0
San Jose de los Molinos,Ica,Ica,110109,0.064791515,2
San Juan Bautista,Ica,Ica,110110,0.12543491,0
Santiago,Ica,Ica,110111,0.020625288,1
Subtanjalla,Ica,Ica,110112,0.059353091,0
Tate,Ica,Ica,110113,0.00235358,0
Yauca del Rosario,Ica,Ica,110114,0.001724007,0
Chincha Alta,Chincha,Ica,110201,0.005316135,5
Alto Laran,Chincha,Ica,110202,0.060570877,0
Chavin,Chincha,Ica,110203,0.001487353,0
Chincha Baja,Chincha,Ica,110204,0.28172725,0
El Carmen,Chincha,Ica,110205,0.095652699,0
Grocio Prado,Chincha,Ica,110206,0.032403324,0
Pueblo Nuevo,Chincha,Ica,110207,7.90E-05,1
San Juan de Yanac,Chincha,Ica,110208,0.19902819,2
San Pedro de Huacarpana,Chincha,Ica,110209,4.37E-05,0
Sunampe,Chincha,Ica,110210,0.12211545,0
Tambo de Mora,Chincha,Ica,110211,0.075379923,0
Nazca,Nazca,Ica,110301,0.049536999,1
Changuillo,Nazca,Ica,110302,0.030873068,0
El Ingenio,Nazca,Ica,110303,0.017809207,0
Marcona,Nazca,Ica,110304,1.27E-09,2
Palpa,Palpa,Ica,110401,0.029909952,0
Llipata,Palpa,Ica,110402,0.024650939,0
Rio Grande,Palpa,Ica,110403,0.032011263,0
Santa Cruz,Palpa,Ica,110404,0.043339647,0
Tibillo,Palpa,Ica,110405,4.50E-05,0
Pisco,Pisco,Ica,110501,0.095474496,15
Huancano,Pisco,Ica,110502,0.21299744,1
Humay,Pisco,Ica,110503,0.095474496,15
Independencia,Pisco,Ica,110504,0.095474496,15
Paracas,Pisco,Ica,110505,0.000555716,1
San Andres,Pisco,Ica,110506,0.095474496,15
Huancayo,Huancayo,Junin,120101,0,125
Carhuacallanga,Huancayo,Junin,120104,0,0
Chacapampa,Huancayo,Junin,120105,0,4
Chicche,Huancayo,Junin,120106,0.027586576,14
Chilca,Huancayo,Junin,120107,0,25
Chongos Alto,Huancayo,Junin,120108,0.023531957,6
Chupuro,Huancayo,Junin,120111,0.037276778,2
Colca,Huancayo,Junin,120112,0,2
Cullhuas,Huancayo,Junin,120113,0,0
El Tambo,Huancayo,Junin,120114,0.22993982,54
Huacrapuquio,Huancayo,Junin,120116,0,0
Hualhuas,Huancayo,Junin,120117,0,0
Huancan,Huancayo,Junin,120119,0,5
Huasicancha,Huancayo,Junin,120120,0,6
Huayucachi,Huancayo,Junin,120121,0.046291701,2
Ingenio,Huancayo,Junin,120122,0,4
Pariahuanca,Huancayo,Junin,120124,0.37506893,42
Pilcomayo,Huancayo,Junin,120125,0,4
Pucara,Huancayo,Junin,120126,0.075535521,3
Quichuay,Huancayo,Junin,120127,0,0
Quilcas,Huancayo,Junin,120128,0,3
San Agustin,Huancayo,Junin,120129,0.10294769,1
San Jeronimo de Tunan,Huancayo,Junin,120130,0,0
Sano,Huancayo,Junin,120132,0,3
Sapallanga,Huancayo,Junin,120133,0.019276591,2
Sicaya,Huancayo,Junin,120134,0,0
Santo Domingo de Acobamba,Huancayo,Junin,120135,0.22243486,19
Viques,Huancayo,Junin,120136,0,1
Concepcion,Concepcion,Junin,120201,0.028999528,6
Aco,Concepcion,Junin,120202,0,1
Andamarca,Concepcion,Junin,120203,0,43
Chambara,Concepcion,Junin,120204,0.57785863,6
Cochas,Concepcion,Junin,120205,0,33
Comas,Concepcion,Junin,120206,0.009038103,27
Heroinas Toledo,Concepcion,Junin,120207,0,0
Manzanares,Concepcion,Junin,120208,0,1
Mariscal Castilla,Concepcion,Junin,120209,0,6
Matahuasi,Concepcion,Junin,120210,0.000649877,3
Mito,Concepcion,Junin,120211,0,2
Nueve de Julio,Concepcion,Junin,120212,0,6
Orcotuna,Concepcion,Junin,120213,0,1
San Jose de Quero,Concepcion,Junin,120214,0.063574508,30
Santa Rosa de Ocopa,Concepcion,Junin,120215,0.30964273,3
Chanchamayo,Tarma,Junin,120301,0.003686399,157
San Ramon,Tarma,Junin,120305,0.086435124,22
Vitoc,Tarma,Junin,120306,0.3569769,1
Jauja,Jauja,Junin,120401,0.087185167,6
Acolla,Jauja,Junin,120402,0.081029907,10
Apata,Jauja,Junin,120403,0.003212876,2
Ataura,Jauja,Junin,120404,0,0
Canchayllo,Jauja,Junin,120405,0,0
Curicaca,Jauja,Junin,120406,0,0
El Mantaro,Jauja,Junin,120407,0,5
Humali,Jauja,Junin,120408,0,3
Huaripampa,Jauja,Junin,120409,0,2
Huertas,Jauja,Junin,120410,0.34707409,2
Janjaillo,Jauja,Junin,120411,0,0
Julcan,Jauja,Junin,120412,0,1
Leonor Ordonez,Jauja,Junin,120413,0,3
Llocllapampa,Jauja,Junin,120414,0,0
Marco,Jauja,Junin,120415,0.004053375,0
Masma,Jauja,Junin,120416,0.027174706,5
Masma Chicche,Jauja,Junin,120417,0,0
Molinos,Jauja,Junin,120418,0,3
Monobamba,Jauja,Junin,120419,0.004858792,9
Muqui,Jauja,Junin,120420,0,3
Muquiyauyo,Jauja,Junin,120421,0,1
Paca,Jauja,Junin,120422,0,0
Paccha,Jauja,Junin,120423,0.032885522,0
Pancan,Jauja,Junin,120424,0.048982721,1
Parco,Jauja,Junin,120425,0.00993999,0
Pomacancha,Jauja,Junin,120426,0.79072452,0
Ricran,Jauja,Junin,120427,0.061037727,5
San Lorenzo,Jauja,Junin,120428,0.1566858,1
San Pedro de Chunan,Jauja,Junin,120429,0,0
Sausa,Jauja,Junin,120430,0,0
Sincos,Jauja,Junin,120431,0.025163678,6
Tunan Marca,Jauja,Junin,120432,0.014423442,0
Yauli,Yauli,Junin,120433,0.031769462,6
Yauyos,Jauja,Junin,120434,0,0
Junin,Junin,Junin,120501,0.28171271,1
Carhuamayo,Junin,Junin,120502,0.079395644,0
Ondores,Junin,Junin,120503,0,4
Ulcumayo,Junin,Junin,120504,0.05209209,20
Satipo,Satipo,Junin,120601,0.002687055,70
Coviriali,Satipo,Junin,120602,0.001292315,5
Llaylla,Satipo,Junin,120603,0,0
Mazamari,Satipo,Junin,120604,0.006121661,38
Pampa Hermosa,Satipo,Junin,120605,0,4
Pangoa,Satipo,Junin,120606,0.00032613,154
Rio Negro,Satipo,Junin,120607,0.001174657,45
Rio Tambo,Satipo,Junin,120608,0,114
Tarma,Tarma,Junin,120701,0.2042097,7
Acobamba,Tarma,Junin,120702,0.20634019,5
Huaricolca,Tarma,Junin,120703,0.14252669,1
Huasahuasi,Tarma,Junin,120704,0.4864243,7
La Union,Tarma,Junin,120705,0.010034399,0
Palca,Tarma,Junin,120706,0.27600887,8
Palcamayo,Tarma,Junin,120707,0,8
San Pedro de Cajas,Tarma,Junin,120708,0.099580273,29
Tapo,Tarma,Junin,120709,0.56288576,0
La Oroya,Yauli,Junin,120801,0,6
Chacapalpa,Yauli,Junin,120802,0,0
Huayhuay,Yauli,Junin,120803,0.20813659,0
Marcapomacocha,Yauli,Junin,120804,0.85869133,0
Morococha,Yauli,Junin,120805,0,3
Paccha,Yauli,Junin,120806,0,0
Santa Barbara de Carhuacayan,Yauli,Junin,120807,0,0
Santa Rosa de Sacco,Yauli,Junin,120808,0,1
Suitucancha,Yauli,Junin,120809,0,1
Yauli,Jauja,Junin,120810,0.094422631,1
Chupaca,Huancayo,Junin,120901,0.014308519,9
Ahuac,Huancayo,Junin,120902,0,1
Chongos Bajo,Huancayo,Junin,120903,0,10
Huachac,Huancayo,Junin,120904,0,4
Huamancaca Chico,Huancayo,Junin,120905,0,5
San Juan de Yscos,Huancayo,Junin,120906,0,7
Jarpa,Huancayo,Junin,120907,0,27
Tres de Diciembre,Huancayo,Junin,120908,0,1
Yanacancha,Huancayo,Junin,120909,0,9
Trujillo,Trujillo,La Libertad,130101,1,15
El Porvenir,Trujillo,La Libertad,130102,1,15
Huanchaco,Trujillo,La Libertad,130104,0.003619597,0
La Esperanza,Trujillo,La Libertad,130105,0,1
Laredo,Trujillo,La Libertad,130106,0.021079626,1
Moche,Trujillo,La Libertad,130107,0.17662136,0
Poroto,Trujillo,La Libertad,130108,0.14497149,0
Salaverry,Trujillo,La Libertad,130109,0,0
Simbal,Trujillo,La Libertad,130110,0.008424126,0
Victor Larco Herrera,Trujillo,La Libertad,130111,0.018546028,0
Ascope,Trujillo,La Libertad,130201,0.25999525,0
Chicama,Trujillo,La Libertad,130202,0.025829218,0
Chocope,Trujillo,La Libertad,130203,0.25999525,0
Magdalena de Cao,Trujillo,La Libertad,130204,0.63297045,0
Paijan,Trujillo,La Libertad,130205,1,0
Razuri,Trujillo,La Libertad,130206,0.25999525,0
Santiago de Cao,Trujillo,La Libertad,130207,0.89603382,0
Bolivar,Bolivar,La Libertad,130301,0.45503673,0
Bambamarca,Bolivar,La Libertad,130302,0.042950857,0
Condormarca,Bolivar,La Libertad,130303,0.56065279,0
Longotea,Bolivar,La Libertad,130304,0.020878654,0
Uchumarca,Bolivar,La Libertad,130305,0,0
Ucuncha,Bolivar,La Libertad,130306,0.33088669,0
Chepen,Pacasmayo,La Libertad,130401,0.20284453,0
Pacanga,Pacasmayo,La Libertad,130402,0.06654869,0
Pueblo Nuevo,Pacasmayo,La Libertad,130403,0.1882271,0
Julcan,Otuzco,La Libertad,130501,0.39331418,0
Otuzco,Otuzco,La Libertad,130601,0.045552317,1
Agallpampa,Otuzco,La Libertad,130602,0.60060656,0
Charat,Otuzco,La Libertad,130604,0.88641584,0
Huaranchal,Otuzco,La Libertad,130605,0.18032007,0
La Cuesta,Otuzco,La Libertad,130606,0.81893349,0
Mache,Otuzco,La Libertad,130608,0.44354439,0
Paranday,Otuzco,La Libertad,130610,0.20574634,0
Salpo,Otuzco,La Libertad,130611,0.44354439,0
Sinsicap,Otuzco,La Libertad,130613,0.20765999,0
Usquil,Otuzco,La Libertad,130614,0.93864453,0
San Pedro de Lloc,Pacasmayo,La Libertad,130701,0.062604733,0
Guadalupe,Pacasmayo,La Libertad,130702,0.26225182,0
Jequetepeque,Pacasmayo,La Libertad,130703,0.32080403,0
Pacasmayo,Pacasmayo,La Libertad,130704,1,0
San Jose,Pacasmayo,La Libertad,130705,0.31408951,0
Tayabamba,Pataz,La Libertad,130801,0.050805867,0
Buldibuyo,Pataz,La Libertad,130802,0.004345037,0
Chillia,Pataz,La Libertad,130803,0.51069105,0
Huancaspata,Pataz,La Libertad,130804,0.13870041,2
Huaylillas,Pataz,La Libertad,130805,0,0
Huayo,Pataz,La Libertad,130806,0.12813404,0
Ongon,Pataz,La Libertad,130807,0,0
Parcoy,Pataz,La Libertad,130808,0.55711347,1
Pataz,Pataz,La Libertad,130809,0.46017116,0
Pias,Pataz,La Libertad,130810,0.008657049,0
Taurija,Pataz,La Libertad,130812,0.57775271,0
Urpay,Pataz,La Libertad,130813,0.59139037,0
Huamachuco,Huamachuco,La Libertad,130901,0.86247993,18
Chugay,Huamachuco,La Libertad,130902,0.11127341,2
Cochorco,Huamachuco,La Libertad,130903,0.72525293,0
Curgos,Huamachuco,La Libertad,130904,0.046282794,9
Marcabal,Huamachuco,La Libertad,130905,0.74074113,0
Sanagoran,Huamachuco,La Libertad,130906,0.82546014,5
Sarin,Huamachuco,La Libertad,130907,1,15
Sartimbamba,Huamachuco,La Libertad,130908,0.6068477,1
Santiago de Chuco,Santiago de Chuco,La Libertad,131001,0.8513912,9
Cachicadan,Santiago de Chuco,La Libertad,131003,1,3
Mollebamba,Santiago de Chuco,La Libertad,131004,0,0
Mollepata,Santiago de Chuco,La Libertad,131005,0,0
Quiruvilca,Santiago de Chuco,La Libertad,131006,0.011906794,5
Santa Cruz de Chuca,Santiago de Chuco,La Libertad,131007,0.055558175,2
Sitabamba,Santiago de Chuco,La Libertad,131008,0.13104294,1
Cascas,Contumaza,Cajamarca,131101,0.27419898,0
Lucma,Otuzco,La Libertad,131102,0.17794767,0
Marmot,Otuzco,La Libertad,131103,0,0
Sayapullo,Cajabamba,Cajamarca,131104,0.76935631,1
Viru,Trujillo,La Libertad,131201,0.03522848,0
Chiclayo,Chiclayo,Lambayeque,140101,0.33824715,19
Chongoyape,Chiclayo,Lambayeque,140102,0.082447164,0
Eten,Chiclayo,Lambayeque,140103,0.053468749,1
Eten Puerto,Chiclayo,Lambayeque,140104,0,
San Carlos,Chiclayo,Lambayeque,140105,0.042059708,6
Lagunas,Chiclayo,Lambayeque,140107,0.11017091,0
Monsefu,Chiclayo,Lambayeque,140108,0.1038513,0
Nueva Arica,Chiclayo,Lambayeque,140109,0.33824715,19
Oyotun,Chiclayo,Lambayeque,140110,0.025391953,0
Picsi,Chiclayo,Lambayeque,140111,0.33824715,19
Pimentel,Chiclayo,Lambayeque,140112,0.33824715,19
Reque,Chiclayo,Lambayeque,140113,0.19520053,0
Santa Rosa,Chiclayo,Lambayeque,140114,0,0
Zana,Chiclayo,Lambayeque,140115,0.33824715,19
Ferrenafe,Ferrenafe,Lambayeque,140201,1,1
Canaris,Ferrenafe,Lambayeque,140202,0,0
Incahuasi,Ferrenafe,Lambayeque,140203,0.79344946,0
Manuel Antonio Mesones Muro,Ferrenafe,Lambayeque,140204,0.30341136,0
Pitipo,Ferrenafe,Lambayeque,140205,1,0
Pueblo Nuevo,Ferrenafe,Lambayeque,140206,0,0
Lambayeque,Lambayeque,Lambayeque,140301,0.26973438,0
Chochope,Lambayeque,Lambayeque,140302,0.028245363,0
Illimo,Lambayeque,Lambayeque,140303,0.029216465,0
Jayanca,Lambayeque,Lambayeque,140304,0.65164793,0
Mochumi,Lambayeque,Lambayeque,140305,0.21305203,0
Morrope,Lambayeque,Lambayeque,140306,0.003178761,0
Motupe,Lambayeque,Lambayeque,140307,0.10518112,1
Olmos,Lambayeque,Lambayeque,140308,0.02030511,24
Pacora,Lambayeque,Lambayeque,140309,0.58539104,0
Salas,Lambayeque,Lambayeque,140310,0.66467381,0
San Jose,Lambayeque,Lambayeque,140311,0.24446355,0
Tucume,Lambayeque,Lambayeque,140312,0.27215624,0
Lima,Lima,Lima,150101,0,81
Ancon,Lima,Lima,150102,0,2
Ate,Lima,Lima,150103,0.055625971,59
San Jose de Surco,Lima,Lima,150104,0.21486485,1
Brena,Lima,Lima,150105,0,4
Carabayllo,Lima,Lima,150106,0.10632218,4
Chaclacayo,Lima,Lima,150107,0.001281014,8
Chorrillos,Lima,Lima,150108,0,5
Cieneguilla,Lima,Lima,150109,0.045431502,1
Comas,Lima,Lima,150110,0.000824102,24
El Agustino,Lima,Lima,150111,0.055625971,59
Independencia,Lima,Lima,150112,0,10
Jesus Maria,Lima,Lima,150113,0,1
La Molina,Lima,Lima,150114,0,3
La Victoria,Lima,Lima,150115,0,21
Lince,Lima,Lima,150116,0,1
Lurigancho,Lima,Lima,150118,0.001702262,19
Lurin,Lima,Lima,150119,0.026725277,27
Magdalena del Mar,Lima,Lima,150120,0,2
Magdalena Vieja,Lima,Lima,150121,0,4
Miraflores,Lima,Lima,150122,0,10
Pachacamac,Lima,Lima,150123,0.045431502,1
Pucusana,Lima,Lima,150124,0.003785312,0
Puente Piedra,Lima,Lima,150125,0.19107281,8
Punta Hermosa,Lima,Lima,150126,0,0
Punta Negra,Lima,Lima,150127,0,0
Rimac,Lima,Lima,150128,0,5
San Bartolo,Lima,Lima,150129,0,0
San Isidro,Lima,Lima,150131,0,4
San Juan de Lurigancho,Lima,Lima,150132,0,40
San Juan de Miraflores,Lima,Lima,150133,0,12
San Luis,Lima,Lima,150134,0,1
San Martin de Porres,Lima,Lima,150135,0.27883714,36
San Miguel,Lima,Lima,150136,0,5
Santa Maria del Mar,Lima,Lima,150138,0,0
Santa Rosa,Lima,Lima,150139,0.001087217,0
Santiago de Surco,Lima,Lima,150140,0.008707917,5
Surquillo,Lima,Lima,150141,0,6
Villa Maria del Triunfo,Lima,Lima,150143,0.026725277,27
Barranca,Chancay,Lima,150201,0.21790831,8
Pativilca,Chancay,Lima,150203,0.18888134,2
Supe Villa,Chancay,Lima,150204,0.080776431,0
Supe Puerto,Chancay,Lima,150205,0,0
Cajatambo,Cajatambo,Lima,150301,0.5282681,3
Copa,Cajatambo,Lima,150302,0.13874382,1
Gorgor,Cajatambo,Lima,150303,0.31848797,14
Huancapon,Cajatambo,Lima,150304,0,0
Manas,Cajatambo,Lima,150305,0,2
Canta,Canta,Lima,150401,0,0
Arahuay,Canta,Lima,150402,0,0
Huamantanga,Canta,Lima,150403,0,0
Huaros,Canta,Lima,150404,0,0
Lachaqui,Canta,Lima,150405,0,0
San Buenaventura,Canta,Lima,150406,0,0
Santa Rosa de Quives,Canta,Lima,150407,0.035902161,0
San Vicente de Canete,Canete,Lima,150501,0,1
Asia,Canete,Lima,150502,0.014764512,0
Calango,Canete,Lima,150503,3.92E-06,0
Cerro Azul,Canete,Lima,150504,0.003730636,0
Chilca,Canete,Lima,150505,0.016118128,0
Coayllo,Canete,Lima,150506,0.009782741,0
Imperial,Canete,Lima,150507,0.64538693,2
Lunahuana,Canete,Lima,150508,0.003109096,0
Mala,Canete,Lima,150509,0.070000082,0
Nuevo Imperial,Canete,Lima,150510,0.005040319,0
Pacaran,Canete,Lima,150511,0,0
Quilmana,Canete,Lima,150512,0.018648278,0
San Antonio,Canete,Lima,150513,0,0
San Luis,Canete,Lima,150514,0.57163662,0
Santa Cruz de Flores,Canete,Lima,150515,0,0
Zuniga,Canete,Lima,150516,0,0
Huaral,Chancay,Lima,150601,0.075768843,1
Atavillos Alto,Canta,Lima,150602,0,0
Atavillos Bajo,Canta,Lima,150603,0,0
Aucallama,Chancay,Lima,150604,0.058338214,0
Chancay,Chancay,Lima,150605,0.12752925,0
Ihuari,Chancay,Lima,150606,0.003731381,0
Lampian,Canta,Lima,150607,0,1
Pacaraos,Canta,Lima,150608,0,0
San Miguel de Acos,Canta,Lima,150609,0,0
Santa Cruz de Andamarca,Canta,Lima,150610,0,0
Sumbilca,Canta,Lima,150611,0,0
Veintisiete de Noviembre,Canta,Lima,150612,0,1
Matucana,Huarochiri,Lima,150701,0.002037239,3
Antioquia,Huarochiri,Lima,150702,0.001057105,0
Callahuanca,Huarochiri,Lima,150703,0,0
Carampoma,Huarochiri,Lima,150704,0.18606196,0
Chicla,Huarochiri,Lima,150705,0,0
Cuenca,Huarochiri,Lima,150706,0,0
Huachupampa,Huarochiri,Lima,150707,0,0
Huanza,Huarochiri,Lima,150708,0,0
Huarochiri,Huarochiri,Lima,150709,0,0
Lahuaytambo,Huarochiri,Lima,150710,0,0
Langa,Huarochiri,Lima,150711,0,0
Laraos,Huarochiri,Lima,150712,0.68746597,0
Mariatana,Huarochiri,Lima,150713,0,0
Ricardo Palma,Huarochiri,Lima,150714,0,0
San Andres de Tupicocha,Huarochiri,Lima,150715,0,0
San Antonio,Huarochiri,Lima,150716,0.00172066,1
San Bartolome,Huarochiri,Lima,150717,0,0
San Damian,Huarochiri,Lima,150718,0,0
San Juan de Iris,Huarochiri,Lima,150719,0,0
San Juan de Tantaranche,Huarochiri,Lima,150720,0,0
San Lorenzo de Quinti,Huarochiri,Lima,150721,0.049657941,1
San Mateo,Huarochiri,Lima,150722,0,1
San Mateo de Otao,Huarochiri,Lima,150723,0,0
Casta,Huarochiri,Lima,150724,0,0
San Pedro de Huancayre,Huarochiri,Lima,150725,0,0
Sangallaya,Huarochiri,Lima,150726,0,0
Santa Cruz de Cocachacra,Huarochiri,Lima,150727,0,4
Santa Eulalia,Huarochiri,Lima,150728,0.000685915,0
Santiago de Anchucaya,Huarochiri,Lima,150729,0,0
Santiago de Tuna,Huarochiri,Lima,150730,0,0
Santo Domingo de los Olleros,Huarochiri,Lima,150731,0,0
Surco,Huarochiri,Lima,150732,0,0
Huacho,Chancay,Lima,150801,0,12
Ambar,Chancay,Lima,150802,0.35012767,0
Caleta de Carquin,Chancay,Lima,150803,0.87604541,0
Checras,Chancay,Lima,150804,0,0
Hualmay,Chancay,Lima,150805,0.31068888,0
Huaura,Chancay,Lima,150806,0.27551028,1
Leoncio Prado,Chancay,Lima,150807,0,1
Paccho,Chancay,Lima,150808,0.001530481,0
Santa Leonor,Chancay,Lima,150809,0,0
Santa Maria,Chancay,Lima,150810,1,0
Sayan,Chancay,Lima,150811,0.060388613,6
Vegueta,Chancay,Lima,150812,0.15186664,0
Oyon,Cajatambo,Lima,150901,0.38729212,0
Andajes,Cajatambo,Lima,150902,0,0
Caujul,Cajatambo,Lima,150903,0.23911808,0
Cochamarca,Cajatambo,Lima,150904,0,1
Navan,Cajatambo,Lima,150905,0,1
Pachangara,Cajatambo,Lima,150906,0.1162089,0
Yauyos,Yauyos,Lima,151001,0,2
Alis,Yauyos,Lima,151002,0,0
Ayauca,Yauyos,Lima,151003,0,0
Ayaviri,Yauyos,Lima,151004,0,0
Azangaro,Yauyos,Lima,151005,0,0
Cacra,Yauyos,Lima,151006,0,0
Carania,Yauyos,Lima,151007,0,0
Chocos,Yauyos,Lima,151009,0,1
Cochas,Yauyos,Lima,151010,0,0
Colonia,Yauyos,Lima,151011,0,0
Hongos,Yauyos,Lima,151012,0,0
Huampara,Yauyos,Lima,151013,0,0
Huancaya,Yauyos,Lima,151014,0,3
Huangascar,Yauyos,Lima,151015,0,0
Huantan,Yauyos,Lima,151016,0,2
Huanec,Yauyos,Lima,151017,0,0
Laraos,Yauyos,Lima,151018,0.037646148,7
Lincha,Yauyos,Lima,151019,0,1
Madean,Yauyos,Lima,151020,0,0
Miraflores,Yauyos,Lima,151021,0,0
Omas,Yauyos,Lima,151022,0,1
Putinza,Yauyos,Lima,151023,0,0
Quinches,Yauyos,Lima,151024,0,0
Quinocay,Yauyos,Lima,151025,0,0
San Joaquin,Yauyos,Lima,151026,0,0
San Pedro de Pilas,Yauyos,Lima,151027,0,0
Tanta,Yauyos,Lima,151028,0,0
Tauripampa,Yauyos,Lima,151029,0,0
Tomas,Yauyos,Lima,151030,0,0
Tupe,Yauyos,Lima,151031,0,1
Vinac,Yauyos,Lima,151032,0,1
Vitis,Yauyos,Lima,151033,0,0
Iquitos,Maynas,Loreto,160101,0.021431096,7
Alto Nanay,Maynas,Loreto,160102,0,0
Fernando Lores,Maynas,Loreto,160103,0.000467765,0
Indiana,Maynas,Loreto,160104,0.00047342,1
Las Amazonas,Maynas,Loreto,160105,1.72E-05,0
Mazan,Maynas,Loreto,160106,0,0
Napo,Maynas,Loreto,160107,0.000178583,0
Putumayo,Maynas,Loreto,160109,0.000429665,0
Torres Causana,Maynas,Loreto,160110,0.000429665,0
Yurimaguas,Alto Amazonas,Loreto,160201,1.94E-05,8
Balsapuerto,Alto Amazonas,Loreto,160202,0,0
Jeberos,Alto Amazonas,Loreto,160205,0,0
Lagunas,Alto Amazonas,Loreto,160206,0,1
Santa Cruz,Alto Amazonas,Loreto,160210,0,0
Teniente Cesar Lopez Rojas,Alto Amazonas,Loreto,160211,0,0
Nauta,Loreto,Loreto,160301,0.001460525,0
Parinari,Loreto,Loreto,160302,0,0
Tigre,Loreto,Loreto,160303,0,0
Urarinas,Loreto,Loreto,160305,3.17E-06,0
Ramon Castilla,Maynas,Loreto,160401,0.006041876,1
Pebas,Maynas,Loreto,160402,0.006041876,1
Yavari,Maynas,Loreto,160403,0,0
Requena,Requena,Loreto,160501,0.000150642,0
Alto Tapiche,Requena,Loreto,160502,0,0
Capelo,Requena,Loreto,160503,0.059375789,0
Emilio San Martin,Requena,Loreto,160504,0,0
Maquia,Requena,Loreto,160505,0,0
Puinahua,Requena,Loreto,160506,0,0
Saquena,Requena,Loreto,160507,0.000150642,0
Soplin,Requena,Loreto,160508,0,0
Tapiche,Requena,Loreto,160509,0.068967365,0
Yaquerana,Maynas,Loreto,160511,0,0
Contamana,Ucayali,Loreto,160601,0,4
Inahuaya,Ucayali,Loreto,160602,0,0
Padre Marquez,Ucayali,Loreto,160603,0,0
Pampa Hermosa,Ucayali,Loreto,160604,0,0
Sarayacu,Ucayali,Loreto,160605,0,0
Vargas Guerra,Ucayali,Loreto,160606,0,0
Barranca,Alto Amazonas,Loreto,160701,0,0
Cahuapanas,Alto Amazonas,Loreto,160702,0,0
Manseriche,Alto Amazonas,Loreto,160703,0,0
Morona,Alto Amazonas,Loreto,160704,0,0
Pastaza,Alto Amazonas,Loreto,160705,0,0
Tambopata,Tambopata,Madre de Dios,170101,1.85E-05,5
Inambari,Tambopata,Madre de Dios,170102,1.85E-05,5
Las Piedras,Tambopata,Madre de Dios,170103,0,0
Manu,Manu,Madre de Dios,170201,0,0
Fitzcarrald,Manu,Madre de Dios,170202,0,0
Madre de Dios,Manu,Madre de Dios,170203,0.002770426,0
Inapari,Tahuamanu,Madre de Dios,170301,0,0
Iberia,Tahuamanu,Madre de Dios,170302,0,0
Tahuamanu,Tahuamanu,Madre de Dios,170303,0,0
Moquegua,Mariscal Nieto,Moquegua,180101,0.017388357,0
Carumas,Mariscal Nieto,Moquegua,180102,0.027867816,0
Cuchumbaya,Mariscal Nieto,Moquegua,180103,0,0
San Cristobal,Mariscal Nieto,Moquegua,180105,0,0
Torata,Mariscal Nieto,Moquegua,180106,0.002544634,0
Omate,General Sanchez Cerro,Moquegua,180201,0.000443699,0
Chojata,General Sanchez Cerro,Moquegua,180202,0,0
Coalaque,General Sanchez Cerro,Moquegua,180203,0.018313844,0
Ichuna,General Sanchez Cerro,Moquegua,180204,0,0
La Capilla,General Sanchez Cerro,Moquegua,180205,2.62E-05,0
Lloque,General Sanchez Cerro,Moquegua,180206,0,0
Matalaque,General Sanchez Cerro,Moquegua,180207,0,0
Puquina,General Sanchez Cerro,Moquegua,180208,0.14900817,0
Quinistaquillas,General Sanchez Cerro,Moquegua,180209,0.001202693,0
Ubinas,General Sanchez Cerro,Moquegua,180210,0.10802491,0
Yunga,General Sanchez Cerro,Moquegua,180211,0,0
Ilo,Ilo,Moquegua,180301,0.00082554,0
Algarrobal,Ilo,Moquegua,180302,0.00082554,0
Pacocha,Ilo,Moquegua,180303,0.00082554,0
Chaupimarca,Pasco,Pasco,190101,0,10
Huachon,Pasco,Pasco,190102,0,4
Huariaca,Pasco,Pasco,190103,0.60164922,8
Huayllay,Pasco,Pasco,190104,0.09021423,2
Ninacaca,Pasco,Pasco,190105,0,2
Pallanchacra,Pasco,Pasco,190106,0.49240699,7
Paucartambo,Pasco,Pasco,190107,0.003048379,4
San Francisco de Asis de Yarusyacan,Pasco,Pasco,190108,0.010772143,2
Simon Bolivar,Pasco,Pasco,190109,0,1
Ticlacayan,Pasco,Pasco,190110,0,18
Tinyahuarco,Pasco,Pasco,190111,0,0
Vicco,Pasco,Pasco,190112,0,1
Yanacancha,Pasco,Pasco,190113,0.013950684,4
Yanahuanca,Daniel Carrion,Pasco,190201,0.56840163,27
Chacayan,Daniel Carrion,Pasco,190202,0,5
Goyllarisquizga,Daniel Carrion,Pasco,190203,0,0
Paucar,Daniel Carrion,Pasco,190204,0,25
San Pedro de Pillao,Daniel Carrion,Pasco,190205,0,0
Santa Ana de Tusi,Daniel Carrion,Pasco,190206,0,3
Tapuc,Daniel Carrion,Pasco,190207,0,2
Vilcabamba,Daniel Carrion,Pasco,190208,0,0
Oxapampa,Oxapampa,Pasco,190301,0.002683222,10
Chontabamba,Oxapampa,Pasco,190302,0,2
Huancabamba,Oxapampa,Pasco,190303,0.002060677,54
Pozuzo,Oxapampa,Pasco,190305,0.002060677,54
Puerto Bermudez,Oxapampa,Pasco,190306,4.78E-05,12
Villa Rica,Oxapampa,Pasco,190307,0.002060677,54
Piura,Piura,Piura,200101,0.2866976,19
Castilla,Piura,Piura,200104,0.19742347,5
Catacaos,Piura,Piura,200105,0.12078945,1
Cura Mori,Piura,Piura,200107,0.057709794,0
El Tallan,Piura,Piura,200108,0.52296275,0
La Arena,Piura,Piura,200109,0.66649294,1
La Union,Piura,Piura,200110,0.31587905,1
Las Lomas,Piura,Piura,200111,0.79117739,1
Tambo Grande,Piura,Piura,200114,1,1
Ayabaca,Ayabaca,Piura,200201,0.34415588,0
Frias,Ayabaca,Piura,200202,0.72120523,0
Jilili,Ayabaca,Piura,200203,0.57737184,0
Lagunas,Ayabaca,Piura,200204,0.53733504,0
Montero,Ayabaca,Piura,200205,0.3029933,0
Pacaipampa,Ayabaca,Piura,200206,0.44275287,0
Paimas,Ayabaca,Piura,200207,0.82154328,0
Sapillica,Ayabaca,Piura,200208,0.42190781,0
Sicchez,Ayabaca,Piura,200209,0.001012545,0
Suyo,Ayabaca,Piura,200210,0.79150015,0
Huancabamba,Huancabamba,Piura,200301,0.13935085,18
Canchaque,Huancabamba,Piura,200302,0.26171502,7
El Carmen de la Frontera,Huancabamba,Piura,200303,0.070642434,0
Huarmaca,Huancabamba,Piura,200304,0.29851207,56
San Miguel de el Faique,Huancabamba,Piura,200306,0.38689893,13
Sondor,Huancabamba,Piura,200307,0.18540788,6
Sondorillo,Huancabamba,Piura,200308,0.026874989,40
Chulucanas,Morropon,Piura,200401,0.18967262,17
Buenos Aires,Morropon,Piura,200402,0.044581745,0
Chalaco,Morropon,Piura,200403,0.031993866,0
La Matanza,Morropon,Piura,200404,0.024693549,0
Morropon,Morropon,Piura,200405,0.048767675,0
Salitral,Morropon,Piura,200406,0.26171502,7
Santa Catalina de Mossa,Morropon,Piura,200408,0.003117918,0
Santo Domingo,Morropon,Piura,200409,0.005253444,1
Paita,Paita,Piura,200501,0,1
Amotape,Paita,Piura,200502,0.14201087,0
Arenal,Paita,Piura,200503,0.25861558,0
Colan,Paita,Piura,200504,0.11919679,0
La Huaca,Paita,Piura,200505,0.064694151,0
Tamarindo,Paita,Piura,200506,0.72461343,0
Vichayal,Paita,Piura,200507,0.08596871,0
Sullana,Sullana,Piura,200601,0.12322704,0
Bellavista,Sullana,Piura,200602,0,0
Ignacio Escudero,Sullana,Piura,200603,0.21544518,0
Lancones,Sullana,Piura,200604,0.21119635,0
Marcavelica,Sullana,Piura,200605,0.30842835,0
Miguel Checa,Sullana,Piura,200606,0.018546673,0
Querecotillo,Sullana,Piura,200607,0.4391984,1
Salitral,Sullana,Piura,200608,0.059782293,0
Parinas,Talara,Piura,200701,0,0
El Alto,Talara,Piura,200702,0,0
La Brea,Talara,Piura,200703,2.00E-08,0
Lobitos,Talara,Piura,200704,0,0
Los Organos,Talara,Piura,200705,0,0
Mancora,Talara,Piura,200706,0.32376111,0
Sechura,Piura,Piura,200801,0.002768565,4
Bellavista de la Union,Piura,Piura,200802,0.11867593,0
Bernal,Piura,Piura,200803,0.24455896,2
Cristo Nos Valga,Piura,Piura,200804,0.005984129,0
Vice,Piura,Piura,200805,0.021417161,1
Rinconada Llicuar,Piura,Piura,200806,0.12876987,0
Puno,Puno,Puno,210101,0.065335244,10
Acora,Puno,Puno,210102,0.14021102,0
Amantani,Puno,Puno,210103,0,0
Atuncolla,Puno,Puno,210104,0.54493624,0
Capachica,Puno,Puno,210105,0.15064165,0
Chucuito,Puno,Puno,210106,0.82487524,0
Coata,Puno,Puno,210107,0.17245473,0
Huata,Puno,Puno,210108,0,1
Manazo,Puno,Puno,210109,1,2
Paucarcolla,Puno,Puno,210110,1,1
Pichacani,Puno,Puno,210111,0.22950575,0
Plateria,Puno,Puno,210112,0.18771419,0
San Antonio,Puno,Puno,210113,0.42852372,0
Tiquillaca,Puno,Puno,210114,0.49318147,0
Vilque,Puno,Puno,210115,1,0
Azangaro,Azangaro,Puno,210201,0.90388125,16
Achaya,Azangaro,Puno,210202,0.3962281,0
Arapa,Azangaro,Puno,210203,0.18727161,4
Asillo,Azangaro,Puno,210204,0.59903127,31
Caminaca,Azangaro,Puno,210205,1,0
Chupa,Azangaro,Puno,210206,0.084410876,1
Jose Domingo Choquehuanca,Azangaro,Puno,210207,0.88304359,9
Munani,Azangaro,Puno,210208,0,5
Potoni,Azangaro,Puno,210209,0.62415111,6
Saman,Azangaro,Puno,210210,0.017381815,0
San Anton,Azangaro,Puno,210211,0.20890403,23
San Jose,Azangaro,Puno,210212,1,33
San Juan de Salinas,Azangaro,Puno,210213,0.2202574,7
Santiago de Pupuja,Azangaro,Puno,210214,0.5406307,9
Tirapata,Azangaro,Puno,210215,0.30409992,7
Macusani,Carabaya,Puno,210301,0.46019688,0
Ajoyani,Carabaya,Puno,210302,0.58701968,2
Ayapata,Carabaya,Puno,210303,0.002039772,0
Coasa,Carabaya,Puno,210304,0.013938709,0
Corani,Carabaya,Puno,210305,0.14406334,0
Crucero,Carabaya,Puno,210306,0.13728012,1
Ituata,Carabaya,Puno,210307,0.009984803,1
Ollachea,Carabaya,Puno,210308,0,0
San Gaban,Carabaya,Puno,210309,0.006408916,4
Usicayos,Carabaya,Puno,210310,0.012581942,1
Juli,Chucuito,Puno,210401,0.29742998,1
Desaguadero,Chucuito,Puno,210402,0.041300453,0
Huacullani,Chucuito,Puno,210403,0.28187722,0
Pisacoma,Chucuito,Puno,210405,0.10538653,1
Pomata,Chucuito,Puno,210406,0.10538653,1
Zepita,Chucuito,Puno,210407,0.28187722,0
Ilave,Chucuito,Puno,210501,0.13068406,1
Pilcuyo,Chucuito,Puno,210503,0,0
Santa Rosa,Chucuito,Puno,210504,0.13068406,1
Huancane,Huancane,Puno,210601,0.008700407,2
Cojata,Huancane,Puno,210602,0.59968913,3
Huatasani,Azangaro,Puno,210603,0.12031955,4
Inchupalla,Huancane,Puno,210604,0.59968913,3
Pusi,Huancane,Puno,210605,0.7907148,1
Rosaspata,Huancane,Puno,210606,0.66373688,0
Taraco,Huancane,Puno,210607,0,0
Vilque Chico,Huancane,Puno,210608,0.29831669,0
Lampa,Lampa,Puno,210701,0.48552185,1
Cabanilla,Lampa,Puno,210702,0,0
Calapuja,Lampa,Puno,210703,0.73956043,0
Nicasio,Lampa,Puno,210704,0.78167957,0
Ocuviri,Lampa,Puno,210705,0.6593861,1
Palca,Lampa,Puno,210706,0.10879171,0
Paratia,Lampa,Puno,210707,0.083319284,0
Pucara,Lampa,Puno,210708,0.26143891,4
Santa Lucia,Lampa,Puno,210709,0.88802707,0
Vilavila,Lampa,Puno,210710,0.040957469,1
Ayaviri,Melgar,Puno,210801,0.23345676,5
Antauta,Melgar,Puno,210802,0.21054365,6
Cupi,Melgar,Puno,210803,0.80125481,0
Llalli,Melgar,Puno,210804,0.32348499,2
Macari,Melgar,Puno,210805,0.28701398,9
Nunoa,Melgar,Puno,210806,0.24357088,15
Orurillo,Melgar,Puno,210807,0.72465706,43
Santa Rosa,Melgar,Puno,210808,0.52105939,9
Umachiri,Melgar,Puno,210809,0.37404084,0
Moho,Huancane,Puno,210901,0.34503984,0
Conima,Huancane,Puno,210902,0,0
Putina,Azangaro,Puno,211001,0.59968913,3
Ananea,Sandia,Puno,211002,0.27791589,3
Pedro Vilca Apaza,Azangaro,Puno,211003,0.14756325,1
Sina,Sandia,Puno,211005,0.99630874,0
Juliaca,San Roman,Puno,211101,0.92481226,11
Cabana,San Roman,Puno,211102,1,0
Cabanillas,San Roman,Puno,211103,0.10147142,1
Caracoto,San Roman,Puno,211104,0.15980996,0
Sandia,Sandia,Puno,211201,0.021591114,2
Cuyocuyo,Sandia,Puno,211202,0.061725464,1
Limbani,Sandia,Puno,211203,0.007080045,6
Patambuco,Sandia,Puno,211204,0.037364841,0
Phara,Sandia,Puno,211205,0.021591114,2
Quiaca,Sandia,Puno,211206,0,0
San Juan del Oro,Sandia,Puno,211207,0.000457155,10
Yanahuaya,Sandia,Puno,211208,0.021591114,2
Yunguyo,Chucuito,Puno,211301,0.28187722,0
Moyobamba,Moyobamba,San Martin,220101,0.00015189,14
Calzada,Moyobamba,San Martin,220102,0,0
Habana,Moyobamba,San Martin,220103,0,3
Jepelacio,Moyobamba,San Martin,220104,0.000146537,3
Soritor,Moyobamba,San Martin,220105,0,1
Yantalo,Moyobamba,San Martin,220106,0,0
Bellavista,Hualaga,San Martin,220201,0,6
Alto Biavo,Hualaga,San Martin,220202,0,0
Biavo,San Martin,San Martin,220203,0,2
Huallaga,Hualaga,San Martin,220204,0,3
San Pablo,Hualaga,San Martin,220205,0,2
San Rafael,Hualaga,San Martin,220206,0,0
San Jose de Sisa,Lamas,San Martin,220301,0,19
Agua Blanca,Lamas,San Martin,220302,0,8
San Martin,Lamas,San Martin,220303,0,6
Santa Rosa,Lamas,San Martin,220304,0,0
Shatoja,Lamas,San Martin,220305,0,0
Saposoa,Hualaga,San Martin,220401,0,5
Alto Saposoa,Hualaga,San Martin,220402,0,6
El Eslabon,Hualaga,San Martin,220403,0,2
Piscoyacu,Hualaga,San Martin,220404,0.001179727,0
Sacanche,Hualaga,San Martin,220405,0.001788485,2
Tingo de Saposoa,Hualaga,San Martin,220406,0,0
Lamas,Lamas,San Martin,220501,0.000887042,6
Alonso de Alvarado,Lamas,San Martin,220502,0,2
Barranquita,Lamas,San Martin,220503,0,2
Caynarachi,Lamas,San Martin,220504,0,9
Cunumbuqui,Lamas,San Martin,220505,0.004289702,0
Pinto Recodo,Lamas,San Martin,220506,0,1
Rumisapa,Lamas,San Martin,220507,0,0
San Roque de Cumbaza,Lamas,San Martin,220508,0,0
Shanao,Lamas,San Martin,220509,0,0
Tabalosos,Lamas,San Martin,220510,0,21
Zapatero,Lamas,San Martin,220511,0,2
Juanjui,Mariscal Caceres,San Martin,220601,0,30
Campanilla,Mariscal Caceres,San Martin,220602,0.02903413,214
Huicungo,Mariscal Caceres,San Martin,220603,0,13
Pachiza,Mariscal Caceres,San Martin,220604,0,0
Pajarillo,Mariscal Caceres,San Martin,220605,0.003966105,9
Picota,San Martin,San Martin,220701,0,9
Buenos Aires,San Martin,San Martin,220702,0,1
Caspisapa,San Martin,San Martin,220703,0,0
Pilluana,San Martin,San Martin,220704,0,2
Pucacaca,San Martin,San Martin,220705,0.001002191,2
San Cristobal,San Martin,San Martin,220706,0,0
San Hilarion,San Martin,San Martin,220707,0,1
Samboyacu,San Martin,San Martin,220708,0,1
Tingo de Ponasa,San Martin,San Martin,220709,0,4
Tres Unidos,San Martin,San Martin,220710,0,1
Rioja,Rioja,San Martin,220801,0,5
Posic,Rioja,San Martin,220806,0,0
Yorongos,Rioja,San Martin,220808,0,0
Yuracyacu,Rioja,San Martin,220809,0.000824657,12
Tarapoto,San Martin,San Martin,220901,0.001677979,37
Alberto Leveau,San Martin,San Martin,220902,0,0
Cacatachi,San Martin,San Martin,220903,0,1
Chazuta,San Martin,San Martin,220904,0,3
Chipurana,San Martin,San Martin,220905,0,0
El Porvenir,San Martin,San Martin,220906,0,0
Huimbayoc,San Martin,San Martin,220907,0,2
Juan Guerra,San Martin,San Martin,220908,0.003429873,1
La Banda de Shilcayo,San Martin,San Martin,220909,0,7
Morales,San Martin,San Martin,220910,0.002816258,7
Papaplaya,San Martin,San Martin,220911,0,0
San Antonio,San Martin,San Martin,220912,0,0
Sauce,San Martin,San Martin,220913,0,6
Shapaja,San Martin,San Martin,220914,0,1
Tocache,Mariscal Caceres,San Martin,221001,0.02903413,214
Uchiza,Mariscal Caceres,San Martin,221005,0.059685875,227
Tacna,Tacna,Tacna,230101,0.16244279,4
Calana,Tacna,Tacna,230103,0.013841907,0
Inclan,Tacna,Tacna,230105,0.006762086,0
Pachia,Tacna,Tacna,230106,0.057232883,0
Palca,Tacna,Tacna,230107,0,0
Pocollay,Tacna,Tacna,230108,0.16244279,4
Sama,Tacna,Tacna,230109,0.006183221,0
Candarave,Tarata,Tacna,230201,0.091738157,0
Cairani,Tarata,Tacna,230202,0.091738157,0
Curibaya,Tarata,Tacna,230204,0.003600534,0
Huanuara,Tarata,Tacna,230205,0,0
Quilahuani,Tarata,Tacna,230206,0.00888229,0
Locumba,Tacna,Tacna,230301,0.35257447,0
Ilabaya,Tacna,Tacna,230302,0.091738157,0
Ite,Tacna,Tacna,230303,0.02519517,0
Tarata,Tarata,Tacna,230401,0.00122926,0
Chucatamani,Tarata,Tacna,230402,0.001920966,0
Estique,Tarata,Tacna,230403,0,0
Estique Pampa,Tarata,Tacna,230404,0,0
Sitajara,Tarata,Tacna,230405,0,0
Susapaya,Tarata,Tacna,230406,0,0
Tarucachi,Tarata,Tacna,230407,0,0
Ticaco,Tarata,Tacna,230408,0.00938616,0
Tumbes,Tumbes,Tumbes,240101,0.11561695,9
Corrales,Tumbes,Tumbes,240102,0.9758783,1
La Cruz,Tumbes,Tumbes,240103,0.09009055,0
Pampas de Hospital,Tumbes,Tumbes,240104,0.12958844,0
San Jacinto,Tumbes,Tumbes,240105,0.35976693,0
San Juan De La Virgen,Tumbes,Tumbes,240106,0.056802999,0
Zorritos,Contralmirante Villar,Tumbes,240201,0.97829407,0
Casitas,Contralmirante Villar,Tumbes,240202,0.97829407,0
Zarumilla,Zarumilla,Tumbes,240301,1,0
Matapalo,Zarumilla,Tumbes,240303,0,0
Papayal,Zarumilla,Tumbes,240304,1,0
Callaria,Coronel Portillo,Loreto,250101,0.025926556,425
Iparia,Coronel Portillo,Loreto,250103,0,0
Masisea,Coronel Portillo,Loreto,250104,0.000107632,4
Yarinacocha,Coronel Portillo,Loreto,250105,0.025926556,425
Raymondi,Coronel Portillo,Loreto,250201,0,13
Tahuaniya,Coronel Portillo,Loreto,250203,0,1
Yurua,Coronel Portillo,Loreto,250204,0,0
Padre Abad,Coronel Portillo,Loreto,250301,0.025926556,425
Purus,Coronel Portillo,Loreto,250401,0,0